sep=;
time;model_id;model_name;port_name;data
0;1;(19,19);;<0, 0, 0, 0, 0>
0;2;(18,19);;<0, 0, 0, 0, 0>
0;3;(17,19);;<0, 0, 0, 0, 0>
0;4;(15,19);;<0, 0, 0, 0, 0>
0;5;(14,19);;<0, 0, 0, 0, 0>
0;6;(6,19);;<0, 0, 0, 0, 0>
0;7;(5,19);;<0, 0, 0, 0, 0>
0;8;(2,19);;<0, 0, 0, 0, 0>
0;9;(0,19);;<0, 0, 0, 0, 0>
0;10;(19,18);;<0, 0, 0, 0, 0>
0;11;(14,18);;<0, 0, 0, 0, 0>
0;12;(12,18);;<0, 0, 0, 0, 0>
0;13;(11,18);;<0, 0, 0, 0, 0>
0;14;(8,18);;<0, 0, 0, 0, 0>
0;15;(6,18);;<0, 0, 0, 0, 0>
0;16;(4,18);;<0, 0, 0, 0, 0>
0;17;(3,18);;<0, 0, 0, 0, 0>
0;18;(2,18);;<0, 0, 0, 0, 0>
0;19;(18,17);;<0, 0, 0, 0, 0>
0;20;(17,17);;<0, 0, 0, 0, 0>
0;21;(15,17);;<0, 0, 0, 0, 0>
0;22;(14,17);;<0, 0, 0, 0, 0>
0;23;(11,17);;<0, 0, 0, 0, 0>
0;24;(10,17);;<0, 0, 0, 0, 0>
0;25;(7,17);;<0, 0, 0, 0, 0>
0;26;(5,17);;<0, 0, 0, 0, 0>
0;27;(3,17);;<0, 0, 0, 0, 0>
0;28;(2,17);;<0, 0, 0, 0, 0>
0;29;(0,17);;<0, 0, 0, 0, 0>
0;30;(19,16);;<0, 0, 0, 0, 0>
0;31;(18,16);;<0, 0, 0, 0, 0>
0;32;(17,16);;<0, 0, 0, 0, 0>
0;33;(12,16);;<0, 0, 0, 0, 0>
0;34;(7,18);;<0, 0, 0, 0, 0>
0;35;(9,16);;<0, 0, 0, 0, 0>
0;36;(7,16);;<0, 0, 0, 0, 0>
0;37;(5,16);;<0, 0, 0, 0, 0>
0;38;(4,16);;<0, 0, 0, 0, 0>
0;39;(1,16);;<0, 0, 0, 0, 0>
0;40;(0,16);;<0, 0, 0, 0, 0>
0;41;(19,15);;<0, 0, 0, 0, 0>
0;42;(16,15);;<0, 0, 0, 0, 0>
0;43;(14,15);;<0, 0, 0, 0, 0>
0;44;(13,15);;<0, 0, 0, 0, 0>
0;45;(9,15);;<0, 0, 0, 0, 0>
0;46;(6,15);;<0, 0, 0, 0, 0>
0;47;(5,15);;<0, 0, 0, 0, 0>
0;48;(4,15);;<0, 0, 0, 0, 0>
0;49;(2,15);;<0, 0, 0, 0, 0>
0;50;(1,15);;<0, 0, 0, 0, 0>
0;51;(7,15);;<0, 0, 0, 0, 0>
0;52;(14,14);;<0, 0, 0, 0, 0>
0;53;(12,14);;<0, 0, 0, 0, 0>
0;54;(11,14);;<0, 0, 0, 0, 0>
0;55;(10,14);;<0, 0, 0, 0, 0>
0;56;(9,14);;<0, 0, 0, 0, 0>
0;57;(6,14);;<0, 0, 0, 0, 0>
0;58;(5,14);;<0, 0, 0, 0, 0>
0;59;(4,14);;<0, 0, 0, 0, 0>
0;60;(3,14);;<0, 0, 0, 0, 0>
0;61;(8,15);;<0, 0, 0, 0, 0>
0;62;(2,14);;<0, 0, 0, 0, 0>
0;63;(8,17);;<0, 0, 0, 0, 0>
0;64;(18,13);;<0, 0, 0, 0, 0>
0;65;(16,13);;<0, 0, 0, 0, 0>
0;66;(15,13);;<0, 0, 0, 0, 0>
0;67;(14,13);;<0, 0, 0, 0, 0>
0;68;(13,13);;<0, 0, 0, 0, 0>
0;69;(12,13);;<0, 0, 0, 0, 0>
0;70;(11,13);;<0, 0, 0, 0, 0>
0;71;(9,13);;<0, 0, 0, 0, 0>
0;72;(8,13);;<0, 0, 0, 0, 0>
0;73;(7,13);;<0, 0, 0, 0, 0>
0;74;(5,13);;<0, 0, 0, 0, 0>
0;75;(0,15);;<0, 0, 0, 0, 0>
0;76;(4,13);;<0, 0, 0, 0, 0>
0;77;(3,13);;<0, 0, 0, 0, 0>
0;78;(2,13);;<0, 0, 0, 0, 0>
0;79;(1,13);;<0, 0, 0, 0, 0>
0;80;(19,12);;<0, 0, 0, 0, 0>
0;81;(18,12);;<0, 0, 0, 0, 0>
0;82;(17,12);;<0, 0, 0, 0, 0>
0;83;(10,19);;<0, 0, 0, 0, 0>
0;84;(6,6);;<0, 0, 0, 0, 0>
0;85;(12,0);;<0, 0, 0, 0, 0>
0;86;(18,5);;<0, 0, 0, 0, 0>
0;87;(17,5);;<0, 0, 0, 0, 0>
0;88;(19,13);;<0, 0, 0, 0, 0>
0;89;(15,5);;<0, 0, 0, 0, 0>
0;90;(13,12);;<0, 0, 0, 0, 0>
0;91;(10,5);;<0, 0, 0, 0, 0>
0;92;(7,5);;<0, 0, 0, 0, 0>
0;93;(8,16);;<0, 0, 0, 0, 0>
0;94;(5,4);;<0, 0, 0, 0, 0>
0;95;(4,12);;<0, 0, 0, 0, 0>
0;96;(18,14);;<0, 0, 0, 0, 0>
0;97;(1,12);;<0, 0, 0, 0, 0>
0;98;(18,3);;<0, 0, 0, 0, 0>
0;99;(9,10);;<0, 0, 0, 0, 0>
0;100;(2,8);;<0, 0, 0, 0, 0>
0;101;(19,4);;<0, 0, 0, 0, 0>
0;102;(6,4);;<0, 0, 0, 0, 0>
0;103;(18,4);;<0, 0, 0, 0, 0>
0;104;(9,18);;<0, 0, 0, 0, 0>
0;105;(1,18);;<0, 0, 0, 0, 0>
0;106;(10,9);;<0, 0, 0, 0, 0>
0;107;(16,4);;<0, 0, 0, 0, 0>
0;108;(8,2);;<0, 0, 0, 0, 0>
0;109;(16,19);;<0, 0, 0, 0, 0>
0;110;(13,2);;<0, 0, 0, 0, 0>
0;111;(7,4);;<0, 0, 0, 0, 0>
0;112;(6,0);;<0, 0, 0, 0, 0>
0;113;(18,2);;<0, 0, 0, 0, 0>
0;114;(4,4);;<0, 0, 0, 0, 0>
0;115;(0,5);;<0, 0, 0, 0, 0>
0;116;(11,19);;<0, 0, 0, 0, 0>
0;117;(14,7);;<0, 0, 0, 0, 0>
0;118;(3,4);;<0, 0, 0, 0, 0>
0;119;(1,4);;<0, 0, 0, 0, 0>
0;120;(3,12);;<0, 0, 0, 0, 0>
0;121;(16,17);;<0, 0, 0, 0, 0>
0;122;(19,3);;<0, 0, 0, 0, 0>
0;123;(13,6);;<0, 0, 0, 0, 0>
0;124;(1,1);;<0, 0, 0, 0, 0>
0;125;(4,19);;<0, 0, 0, 0, 0>
0;126;(13,3);;<0, 0, 0, 0, 0>
0;127;(17,10);;<0, 0, 0, 0, 0>
0;128;(15,3);;<0, 0, 0, 0, 0>
0;129;(9,3);;<0, 0, 0, 0, 0>
0;130;(6,3);;<0, 0, 0, 0, 0>
0;131;(5,3);;<0, 0, 0, 0, 0>
0;132;(6,5);;<0, 0, 0, 0, 0>
0;133;(16,9);;<0, 0, 0, 0, 0>
0;134;(17,3);;<0, 0, 0, 0, 0>
0;135;(0,10);;<0, 0, 0, 0, 0>
0;136;(16,14);;<0, 0, 0, 0, 0>
0;137;(2,3);;<0, 0, 0, 0, 0>
0;138;(4,5);;<0, 0, 0, 0, 0>
0;139;(13,5);;<0, 0, 0, 0, 0>
0;140;(7,1);;<0, 0, 0, 0, 0>
0;141;(11,3);;<0, 0, 0, 0, 0>
0;142;(1,3);;<0, 0, 0, 0, 0>
0;143;(6,13);;<0, 0, 0, 0, 0>
0;144;(0,3);;<0, 0, 0, 0, 0>
0;145;(0,1);;<0, 0, 0, 0, 0>
0;146;(3,7);;<0, 0, 0, 0, 0>
0;147;(3,3);;<0, 0, 0, 0, 0>
0;148;(0,11);;<0, 0, 0, 0, 0>
0;149;(2,5);;<0, 0, 0, 0, 0>
0;150;(18,9);;<0, 0, 0, 0, 0>
0;151;(19,17);;<0, 0, 0, 0, 0>
0;152;(2,2);;<0, 0, 0, 0, 0>
0;153;(3,8);;<0, 0, 0, 0, 0>
0;154;(15,16);;<0, 0, 0, 0, 0>
0;155;(6,1);;<0, 0, 0, 0, 0>
0;156;(9,9);;<0, 0, 0, 0, 0>
0;157;(12,17);;<0, 0, 0, 0, 0>
0;158;(8,1);;<0, 0, 0, 0, 0>
0;159;(7,2);;<0, 0, 0, 0, 0>
0;160;(11,16);;<0, 0, 0, 0, 0>
0;161;(4,3);;<0, 0, 0, 0, 0>
0;162;(5,1);;<0, 0, 0, 0, 0>
0;163;(15,18);;<0, 0, 0, 0, 0>
0;164;(7,7);;<0, 0, 0, 0, 0>
0;165;(11,7);;<0, 0, 0, 0, 0>
0;166;(12,6);;<0, 0, 0, 0, 0>
0;167;(8,5);;<0, 0, 0, 0, 0>
0;168;(14,16);;<0, 0, 0, 0, 0>
0;169;(6,7);;<0, 0, 0, 0, 0>
0;170;(9,0);;<0, 0, 0, 0, 0>
0;171;(14,3);;<0, 0, 0, 0, 0>
0;172;(17,6);;<0, 0, 0, 0, 0>
0;173;(17,4);;<0, 0, 0, 0, 0>
0;174;(1,17);;<0, 0, 0, 0, 0>
0;175;(2,4);;<0, 0, 0, 0, 0>
0;176;(13,4);;<0, 0, 0, 0, 0>
0;177;(1,6);;<0, 0, 0, 0, 0>
0;178;(16,2);;<0, 0, 0, 0, 0>
0;179;(18,8);;<0, 0, 0, 0, 0>
0;180;(15,4);;<0, 0, 0, 0, 0>
0;181;(1,19);;<0, 0, 0, 0, 0>
0;182;(15,15);;<0, 0, 0, 0, 0>
0;183;(4,1);;<0, 0, 0, 0, 0>
0;184;(10,18);;<0, 0, 0, 0, 0>
0;185;(4,2);;<0, 0, 0, 0, 0>
0;186;(2,1);;<0, 0, 0, 0, 0>
0;187;(1,0);;<0, 0, 0, 0, 0>
0;188;(8,7);;<0, 0, 0, 0, 0>
0;189;(17,0);;<0, 0, 0, 0, 0>
0;190;(16,5);;<0, 0, 0, 0, 0>
0;191;(18,7);;<0, 0, 0, 0, 0>
0;192;(15,0);;<0, 0, 0, 0, 0>
0;193;(16,16);;<0, 0, 0, 0, 0>
0;194;(2,11);;<0, 0, 0, 0, 0>
0;195;(10,13);;<0, 0, 0, 0, 0>
0;196;(9,4);;<0, 0, 0, 0, 0>
0;197;(1,11);;<0, 0, 0, 0, 0>
0;198;(7,11);;<0, 0, 0, 0, 0>
0;199;(3,1);;<0, 0, 0, 0, 0>
0;200;(3,15);;<0, 0, 0, 0, 0>
0;201;(5,2);;<0, 0, 0, 0, 0>
0;202;(17,11);;<0, 0, 0, 0, 0>
0;203;(7,8);;<0, 0, 0, 0, 0>
0;204;(7,0);;<0, 0, 0, 0, 0>
0;205;(19,7);;<0, 0, 0, 0, 0>
0;206;(2,16);;<0, 0, 0, 0, 0>
0;207;(12,3);;<0, 0, 0, 0, 0>
0;208;(9,19);;<0, 0, 0, 0, 0>
0;209;(8,19);;<0, 0, 0, 0, 0>
0;210;(14,8);;<0, 0, 0, 0, 0>
0;211;(12,5);;<0, 0, 0, 0, 0>
0;212;(7,3);;<0, 0, 0, 0, 0>
0;213;(11,15);;<0, 0, 0, 0, 0>
0;214;(13,14);;<0, 0, 0, 0, 0>
0;215;(5,12);;<0, 0, 0, 0, 0>
0;216;(5,0);;<0, 0, 0, 0, 0>
0;217;(1,9);;<0, 0, 0, 0, 0>
0;218;(13,19);;<0, 0, 0, 0, 0>
0;219;(3,16);;<0, 0, 0, 0, 0>
0;220;(0,13);;<0, 0, 0, 0, 0>
0;221;(19,2);;<0, 0, 0, 0, 0>
0;222;(10,0);;<0, 0, 0, 0, 0>
0;223;(18,0);;<0, 0, 0, 0, 0>
0;224;(3,11);;<0, 0, 0, 0, 0>
0;225;(8,0);;<0, 0, 0, 0, 0>
0;226;(14,9);;<0, 0, 0, 0, 0>
0;227;(11,4);;<0, 0, 0, 0, 0>
0;228;(12,9);;<0, 0, 0, 0, 0>
0;229;(9,17);;<0, 0, 0, 0, 0>
0;230;(10,3);;<0, 0, 0, 0, 0>
0;231;(19,1);;<0, 0, 0, 0, 0>
0;232;(18,15);;<0, 0, 0, 0, 0>
0;233;(12,11);;<0, 0, 0, 0, 0>
0;234;(17,13);;<0, 0, 0, 0, 0>
0;235;(14,12);;<0, 0, 0, 0, 0>
0;236;(4,0);;<0, 0, 0, 0, 0>
0;237;(9,5);;<0, 0, 0, 0, 0>
0;238;(3,6);;<0, 0, 0, 0, 0>
0;239;(12,2);;<0, 0, 0, 0, 0>
0;240;(13,0);;<0, 0, 0, 0, 0>
0;241;(11,1);;<0, 0, 0, 0, 0>
0;242;(10,1);;<0, 0, 0, 0, 0>
0;243;(15,6);;<0, 0, 0, 0, 0>
0;244;(11,6);;<0, 0, 0, 0, 0>
0;245;(2,6);;<0, 0, 0, 0, 0>
0;246;(11,11);;<0, 0, 0, 0, 0>
0;247;(15,11);;<0, 0, 0, 0, 0>
0;248;(16,0);;<0, 0, 0, 0, 0>
0;249;(14,0);;<0, 0, 0, 0, 0>
0;250;(12,1);;<0, 0, 0, 0, 0>
0;251;(6,16);;<0, 0, 0, 0, 0>
0;252;(17,1);;<0, 0, 0, 0, 0>
0;253;(16,1);;<0, 0, 0, 0, 0>
0;254;(15,1);;<0, 0, 0, 0, 0>
0;255;(18,1);;<0, 0, 0, 0, 0>
0;256;(2,7);;<0, 0, 0, 0, 0>
0;257;(9,2);;<0, 0, 0, 0, 0>
0;258;(11,0);;<0, 0, 0, 0, 0>
0;259;(0,0);;<0, 0, 0, 0, 0>
0;260;(1,2);;<0, 0, 0, 0, 0>
0;261;(0,14);;<0, 0, 0, 0, 0>
0;262;(13,9);;<0, 0, 0, 0, 0>
0;263;(14,10);;<0, 0, 0, 0, 0>
0;264;(3,0);;<0, 0, 0, 0, 0>
0;265;(3,5);;<0, 0, 0, 0, 0>
0;266;(0,2);;<0, 0, 0, 0, 0>
0;267;(3,2);;<0, 0, 0, 0, 0>
0;268;(4,17);;<0, 0, 0, 0, 0>
0;269;(12,15);;<0, 0, 0, 0, 0>
0;270;(6,2);;<0, 0, 0, 0, 0>
0;271;(10,16);;<0, 0, 0, 0, 0>
0;272;(14,5);;<0, 0, 0, 0, 0>
0;273;(2,0);;<0, 0, 0, 0, 0>
0;274;(19,5);;<0, 0, 0, 0, 0>
0;275;(14,1);;<0, 0, 0, 0, 0>
0;276;(13,18);;<0, 0, 0, 0, 0>
0;277;(7,14);;<0, 0, 0, 0, 0>
0;278;(16,7);;<0, 0, 0, 0, 0>
0;279;(8,8);;<0, 0, 0, 0, 0>
0;280;(10,2);;<0, 0, 0, 0, 0>
0;281;(11,2);;<0, 0, 0, 0, 0>
0;282;(6,17);;<0, 0, 0, 0, 0>
0;283;(19,14);;<0, 0, 0, 0, 0>
0;284;(14,4);;<0, 0, 0, 0, 0>
0;285;(14,2);;<0, 0, 0, 0, 0>
0;286;(13,8);;<0, 0, 0, 0, 0>
0;287;(0,18);;<0, 0, 0, 0, 0>
0;288;(9,1);;<0, 0, 0, 0, 0>
0;289;(0,12);;<0, 0, 0, 0, 0>
0;290;(19,10);;<0, 0, 0, 0, 0>
0;291;(7,19);;<0, 0, 0, 0, 0>
0;292;(7,6);;<0, 0, 0, 0, 0>
0;293;(8,9);;<0, 0, 0, 0, 0>
0;294;(10,11);;<0, 0, 0, 0, 0>
0;295;(8,6);;<0, 0, 0, 0, 0>
0;296;(10,15);;<0, 0, 0, 0, 0>
0;297;(9,6);;<0, 0, 0, 0, 0>
0;298;(17,18);;<0, 0, 0, 0, 0>
0;299;(19,0);;<0, 0, 0, 0, 0>
0;300;(10,6);;<0, 0, 0, 0, 0>
0;301;(14,6);;<0, 0, 0, 0, 0>
0;302;(8,12);;<0, 0, 0, 0, 0>
0;303;(16,6);;<0, 0, 0, 0, 0>
0;304;(18,6);;<0, 0, 0, 0, 0>
0;305;(17,2);;<0, 0, 0, 0, 0>
0;306;(0,7);;<0, 0, 0, 0, 0>
0;307;(15,8);;<0, 0, 0, 0, 0>
0;308;(1,7);;<0, 0, 0, 0, 0>
0;309;(4,7);;<0, 0, 0, 0, 0>
0;310;(8,14);;<0, 0, 0, 0, 0>
0;311;(5,7);;<0, 0, 0, 0, 0>
0;312;(12,4);;<0, 0, 0, 0, 0>
0;313;(9,7);;<0, 0, 0, 0, 0>
0;314;(10,7);;<0, 0, 0, 0, 0>
0;315;(12,7);;<0, 0, 0, 0, 0>
0;316;(13,7);;<0, 0, 0, 0, 0>
0;317;(13,16);;<0, 0, 0, 0, 0>
0;318;(15,7);;<0, 0, 0, 0, 0>
0;319;(17,14);;<0, 0, 0, 0, 0>
0;320;(17,7);;<0, 0, 0, 0, 0>
0;321;(1,8);;<0, 0, 0, 0, 0>
0;322;(9,8);;<0, 0, 0, 0, 0>
0;323;(10,4);;<0, 0, 0, 0, 0>
0;324;(0,8);;<0, 0, 0, 0, 0>
0;325;(3,19);;<0, 0, 0, 0, 0>
0;326;(4,8);;<0, 0, 0, 0, 0>
0;327;(5,8);;<0, 0, 0, 0, 0>
0;328;(5,5);;<0, 0, 0, 0, 0>
0;329;(8,3);;<0, 0, 0, 0, 0>
0;330;(6,8);;<0, 0, 0, 0, 0>
0;331;(0,6);;<0, 0, 0, 0, 0>
0;332;(19,6);;<0, 0, 0, 0, 0>
0;333;(10,8);;<0, 0, 0, 0, 0>
0;334;(16,18);;<0, 0, 0, 0, 0>
0;335;(6,9);;<0, 0, 0, 0, 0>
0;336;(11,8);;<0, 0, 0, 0, 0>
0;337;(12,8);;<0, 0, 0, 0, 0>
0;338;(17,15);;<0, 0, 0, 0, 0>
0;339;(17,8);;<0, 0, 0, 0, 0>
0;340;(11,10);;<0, 0, 0, 0, 0>
0;341;(16,3);;<0, 0, 0, 0, 0>
0;342;(11,9);;<0, 0, 0, 0, 0>
0;343;(19,8);;<0, 0, 0, 0, 0>
0;344;(6,12);;<0, 0, 0, 0, 0>
0;345;(15,2);;<0, 0, 0, 0, 0>
0;346;(4,11);;<0, 0, 0, 0, 0>
0;347;(0,9);;<0, 0, 0, 0, 0>
0;348;(8,11);;<0, 0, 0, 0, 0>
0;349;(2,9);;<0, 0, 0, 0, 0>
0;350;(3,9);;<0, 0, 0, 0, 0>
0;351;(4,9);;<0, 0, 0, 0, 0>
0;352;(5,9);;<0, 0, 0, 0, 0>
0;353;(4,10);;<0, 0, 0, 0, 0>
0;354;(8,4);;<0, 0, 0, 0, 0>
0;355;(7,9);;<0, 0, 0, 0, 0>
0;356;(5,18);;<0, 0, 0, 0, 0>
0;357;(15,9);;<0, 0, 0, 0, 0>
0;358;(17,9);;<0, 0, 0, 0, 0>
0;359;(19,9);;<0, 0, 0, 0, 0>
0;360;(1,10);;<0, 0, 0, 0, 0>
0;361;(13,17);;<0, 0, 0, 0, 0>
0;362;(1,14);;<0, 0, 0, 0, 0>
0;363;(2,10);;<0, 0, 0, 0, 0>
0;364;(3,10);;<0, 0, 0, 0, 0>
0;365;(5,10);;<0, 0, 0, 0, 0>
0;366;(6,10);;<0, 0, 0, 0, 0>
0;367;(19,11);;<0, 0, 0, 0, 0>
0;368;(15,14);;<0, 0, 0, 0, 0>
0;369;(7,10);;<0, 0, 0, 0, 0>
0;370;(8,10);;<0, 0, 0, 0, 0>
0;371;(9,11);;<0, 0, 0, 0, 0>
0;372;(10,10);;<0, 0, 0, 0, 0>
0;373;(12,10);;<0, 0, 0, 0, 0>
0;374;(16,12);;<0, 0, 0, 0, 0>
0;375;(13,10);;<0, 0, 0, 0, 0>
0;376;(7,12);;<0, 0, 0, 0, 0>
0;377;(18,18);;<0, 0, 0, 0, 0>
0;378;(15,10);;<0, 0, 0, 0, 0>
0;379;(16,10);;<0, 0, 0, 0, 0>
0;380;(0,4);;<0, 0, 0, 0, 0>
0;381;(2,12);;<0, 0, 0, 0, 0>
0;382;(12,19);;<0, 0, 0, 0, 0>
0;383;(18,10);;<0, 0, 0, 0, 0>
0;384;(9,12);;<0, 0, 0, 0, 0>
0;385;(5,11);;<0, 0, 0, 0, 0>
0;386;(16,11);;<0, 0, 0, 0, 0>
0;387;(11,5);;<0, 0, 0, 0, 0>
0;388;(4,6);;<0, 0, 0, 0, 0>
0;389;(6,11);;<0, 0, 0, 0, 0>
0;390;(1,5);;<0, 0, 0, 0, 0>
0;391;(5,6);;<0, 0, 0, 0, 0>
0;392;(14,11);;<0, 0, 0, 0, 0>
0;393;(18,11);;<0, 0, 0, 0, 0>
0;394;(13,1);;<0, 0, 0, 0, 0>
0;395;(16,8);;<0, 0, 0, 0, 0>
0;396;(10,12);;<0, 0, 0, 0, 0>
0;397;(13,11);;<0, 0, 0, 0, 0>
0;398;(11,12);;<0, 0, 0, 0, 0>
0;399;(12,12);;<0, 0, 0, 0, 0>
0;400;(15,12);;<0, 0, 0, 0, 0>
0;1;(19,19);outputNeighborhood;<0, 0, 0, 0, 0>
0;1;(19,19);;<0, 0, 0, 0, 0>
0;2;(18,19);outputNeighborhood;<0, 0, 0, 0, 0>
0;2;(18,19);;<0, 0, 0, 0, 0>
0;3;(17,19);outputNeighborhood;<0, 0, 0, 0, 0>
0;3;(17,19);;<0, 0, 0, 0, 0>
0;4;(15,19);outputNeighborhood;<0, 0, 0, 0, 0>
0;4;(15,19);;<1, 0, 0, 0, 1>
0;5;(14,19);outputNeighborhood;<0, 0, 0, 0, 0>
0;5;(14,19);;<0, 0, 0, 0, 0>
0;6;(6,19);outputNeighborhood;<0, 0, 0, 0, 0>
0;6;(6,19);;<0, 0, 0, 0, 0>
0;7;(5,19);outputNeighborhood;<0, 0, 0, 0, 0>
0;7;(5,19);;<0, 0, 0, 0, 0>
0;8;(2,19);outputNeighborhood;<0, 0, 0, 0, 0>
0;8;(2,19);;<0, 0, 0, 0, 0>
0;9;(0,19);outputNeighborhood;<0, 0, 0, 0, 0>
0;9;(0,19);;<0, 0, 0, 0, 0>
0;10;(19,18);outputNeighborhood;<0, 0, 0, 0, 0>
0;10;(19,18);;<1, 0, 0, 0, 1>
0;11;(14,18);outputNeighborhood;<0, 0, 0, 0, 0>
0;11;(14,18);;<1, 0, 0, 0, 1>
0;12;(12,18);outputNeighborhood;<0, 0, 0, 0, 0>
0;12;(12,18);;<0, 0, 0, 0, 0>
0;13;(11,18);outputNeighborhood;<0, 0, 0, 0, 0>
0;13;(11,18);;<0, 0, 0, 0, 0>
0;14;(8,18);outputNeighborhood;<0, 0, 0, 0, 0>
0;14;(8,18);;<0, 0, 0, 0, 0>
0;15;(6,18);outputNeighborhood;<0, 0, 0, 0, 0>
0;15;(6,18);;<0, 0, 0, 0, 0>
0;16;(4,18);outputNeighborhood;<0, 0, 0, 0, 0>
0;16;(4,18);;<0, 0, 0, 0, 0>
0;17;(3,18);outputNeighborhood;<0, 0, 0, 0, 0>
0;17;(3,18);;<0, 0, 0, 0, 0>
0;18;(2,18);outputNeighborhood;<0, 0, 0, 0, 0>
0;18;(2,18);;<0, 0, 0, 0, 0>
0;19;(18,17);outputNeighborhood;<0, 0, 0, 0, 0>
0;19;(18,17);;<0, 0, 0, 0, 0>
0;20;(17,17);outputNeighborhood;<0, 0, 0, 0, 0>
0;20;(17,17);;<1, 0, 0, 0, 1>
0;21;(15,17);outputNeighborhood;<0, 0, 0, 0, 0>
0;21;(15,17);;<0, 0, 0, 0, 0>
0;22;(14,17);outputNeighborhood;<0, 0, 0, 0, 0>
0;22;(14,17);;<0, 0, 0, 0, 0>
0;23;(11,17);outputNeighborhood;<0, 0, 0, 0, 0>
0;23;(11,17);;<0, 0, 0, 0, 0>
0;24;(10,17);outputNeighborhood;<0, 0, 0, 0, 0>
0;24;(10,17);;<1, 0, 0, 0, 1>
0;25;(7,17);outputNeighborhood;<0, 0, 0, 0, 0>
0;25;(7,17);;<1, 0, 0, 0, 1>
0;26;(5,17);outputNeighborhood;<0, 0, 0, 0, 0>
0;26;(5,17);;<1, 0, 0, 0, 1>
0;27;(3,17);outputNeighborhood;<0, 0, 0, 0, 0>
0;27;(3,17);;<0, 0, 0, 0, 0>
0;28;(2,17);outputNeighborhood;<0, 0, 0, 0, 0>
0;28;(2,17);;<1, 0, 0, 0, 1>
0;29;(0,17);outputNeighborhood;<0, 0, 0, 0, 0>
0;29;(0,17);;<0, 0, 0, 0, 0>
0;30;(19,16);outputNeighborhood;<0, 0, 0, 0, 0>
0;30;(19,16);;<1, 0, 0, 0, 1>
0;31;(18,16);outputNeighborhood;<0, 0, 0, 0, 0>
0;31;(18,16);;<0, 0, 0, 0, 0>
0;32;(17,16);outputNeighborhood;<0, 0, 0, 0, 0>
0;32;(17,16);;<0, 0, 0, 0, 0>
0;33;(12,16);outputNeighborhood;<0, 0, 0, 0, 0>
0;33;(12,16);;<0, 0, 0, 0, 0>
0;34;(7,18);outputNeighborhood;<0, 0, 0, 0, 0>
0;34;(7,18);;<0, 0, 0, 0, 0>
0;35;(9,16);outputNeighborhood;<0, 0, 0, 0, 0>
0;35;(9,16);;<0, 0, 0, 0, 0>
0;36;(7,16);outputNeighborhood;<0, 0, 0, 0, 0>
0;36;(7,16);;<0, 0, 0, 0, 0>
0;37;(5,16);outputNeighborhood;<0, 0, 0, 0, 0>
0;37;(5,16);;<0, 0, 0, 0, 0>
0;38;(4,16);outputNeighborhood;<0, 0, 0, 0, 0>
0;38;(4,16);;<0, 0, 0, 0, 0>
0;39;(1,16);outputNeighborhood;<0, 0, 0, 0, 0>
0;39;(1,16);;<0, 0, 0, 0, 0>
0;40;(0,16);outputNeighborhood;<0, 0, 0, 0, 0>
0;40;(0,16);;<0, 0, 0, 0, 0>
0;41;(19,15);outputNeighborhood;<0, 0, 0, 0, 0>
0;41;(19,15);;<0, 0, 0, 0, 0>
0;42;(16,15);outputNeighborhood;<0, 0, 0, 0, 0>
0;42;(16,15);;<0, 0, 0, 0, 0>
0;43;(14,15);outputNeighborhood;<0, 0, 0, 0, 0>
0;43;(14,15);;<0, 0, 0, 0, 0>
0;44;(13,15);outputNeighborhood;<0, 0, 0, 0, 0>
0;44;(13,15);;<0, 0, 0, 0, 0>
0;45;(9,15);outputNeighborhood;<0, 0, 0, 0, 0>
0;45;(9,15);;<0, 0, 0, 0, 0>
0;46;(6,15);outputNeighborhood;<0, 0, 0, 0, 0>
0;46;(6,15);;<0, 0, 0, 0, 0>
0;47;(5,15);outputNeighborhood;<0, 0, 0, 0, 0>
0;47;(5,15);;<1, 0, 0, 0, 1>
0;48;(4,15);outputNeighborhood;<0, 0, 0, 0, 0>
0;48;(4,15);;<0, 0, 0, 0, 0>
0;49;(2,15);outputNeighborhood;<0, 0, 0, 0, 0>
0;49;(2,15);;<0, 0, 0, 0, 0>
0;50;(1,15);outputNeighborhood;<0, 0, 0, 0, 0>
0;50;(1,15);;<0, 0, 0, 0, 0>
0;51;(7,15);outputNeighborhood;<0, 0, 0, 0, 0>
0;51;(7,15);;<0, 0, 0, 0, 0>
0;52;(14,14);outputNeighborhood;<0, 0, 0, 0, 0>
0;52;(14,14);;<0, 0, 0, 0, 0>
0;53;(12,14);outputNeighborhood;<0, 0, 0, 0, 0>
0;53;(12,14);;<0, 0, 0, 0, 0>
0;54;(11,14);outputNeighborhood;<0, 0, 0, 0, 0>
0;54;(11,14);;<0, 0, 0, 0, 0>
0;55;(10,14);outputNeighborhood;<0, 0, 0, 0, 0>
0;55;(10,14);;<0, 0, 0, 0, 0>
0;56;(9,14);outputNeighborhood;<0, 0, 0, 0, 0>
0;56;(9,14);;<0, 0, 0, 0, 0>
0;57;(6,14);outputNeighborhood;<0, 0, 0, 0, 0>
0;57;(6,14);;<0, 0, 0, 0, 0>
0;58;(5,14);outputNeighborhood;<0, 0, 0, 0, 0>
0;58;(5,14);;<0, 0, 0, 0, 0>
0;59;(4,14);outputNeighborhood;<0, 0, 0, 0, 0>
0;59;(4,14);;<1, 0, 0, 0, 1>
0;60;(3,14);outputNeighborhood;<0, 0, 0, 0, 0>
0;60;(3,14);;<0, 0, 0, 0, 0>
0;61;(8,15);outputNeighborhood;<0, 0, 0, 0, 0>
0;61;(8,15);;<0, 0, 0, 0, 0>
0;62;(2,14);outputNeighborhood;<0, 0, 0, 0, 0>
0;62;(2,14);;<1, 0, 0, 0, 1>
0;63;(8,17);outputNeighborhood;<0, 0, 0, 0, 0>
0;63;(8,17);;<0, 0, 0, 0, 0>
0;64;(18,13);outputNeighborhood;<0, 0, 0, 0, 0>
0;64;(18,13);;<0, 0, 0, 0, 0>
0;65;(16,13);outputNeighborhood;<0, 0, 0, 0, 0>
0;65;(16,13);;<0, 0, 0, 0, 0>
0;66;(15,13);outputNeighborhood;<0, 0, 0, 0, 0>
0;66;(15,13);;<1, 0, 0, 0, 1>
0;67;(14,13);outputNeighborhood;<0, 0, 0, 0, 0>
0;67;(14,13);;<0, 0, 0, 0, 0>
0;68;(13,13);outputNeighborhood;<0, 0, 0, 0, 0>
0;68;(13,13);;<0, 0, 0, 0, 0>
0;69;(12,13);outputNeighborhood;<0, 0, 0, 0, 0>
0;69;(12,13);;<0, 0, 0, 0, 0>
0;70;(11,13);outputNeighborhood;<0, 0, 0, 0, 0>
0;70;(11,13);;<0, 0, 0, 0, 0>
0;71;(9,13);outputNeighborhood;<0, 0, 0, 0, 0>
0;71;(9,13);;<0, 0, 0, 0, 0>
0;72;(8,13);outputNeighborhood;<0, 0, 0, 0, 0>
0;72;(8,13);;<0, 0, 0, 0, 0>
0;73;(7,13);outputNeighborhood;<0, 0, 0, 0, 0>
0;73;(7,13);;<0, 0, 0, 0, 0>
0;74;(5,13);outputNeighborhood;<0, 0, 0, 0, 0>
0;74;(5,13);;<0, 0, 0, 0, 0>
0;75;(0,15);outputNeighborhood;<0, 0, 0, 0, 0>
0;75;(0,15);;<0, 0, 0, 0, 0>
0;76;(4,13);outputNeighborhood;<0, 0, 0, 0, 0>
0;76;(4,13);;<0, 0, 0, 0, 0>
0;77;(3,13);outputNeighborhood;<0, 0, 0, 0, 0>
0;77;(3,13);;<0, 0, 0, 0, 0>
0;78;(2,13);outputNeighborhood;<0, 0, 0, 0, 0>
0;78;(2,13);;<0, 0, 0, 0, 0>
0;79;(1,13);outputNeighborhood;<0, 0, 0, 0, 0>
0;79;(1,13);;<1, 0, 0, 0, 1>
0;80;(19,12);outputNeighborhood;<0, 0, 0, 0, 0>
0;80;(19,12);;<0, 0, 0, 0, 0>
0;81;(18,12);outputNeighborhood;<0, 0, 0, 0, 0>
0;81;(18,12);;<0, 0, 0, 0, 0>
0;82;(17,12);outputNeighborhood;<0, 0, 0, 0, 0>
0;82;(17,12);;<0, 0, 0, 0, 0>
0;83;(10,19);outputNeighborhood;<0, 0, 0, 0, 0>
0;83;(10,19);;<0, 0, 0, 0, 0>
0;84;(6,6);outputNeighborhood;<0, 0, 0, 0, 0>
0;84;(6,6);;<0, 0, 0, 0, 0>
0;85;(12,0);outputNeighborhood;<0, 0, 0, 0, 0>
0;85;(12,0);;<0, 0, 0, 0, 0>
0;86;(18,5);outputNeighborhood;<0, 0, 0, 0, 0>
0;86;(18,5);;<0, 0, 0, 0, 0>
0;87;(17,5);outputNeighborhood;<0, 0, 0, 0, 0>
0;87;(17,5);;<0, 0, 0, 0, 0>
0;88;(19,13);outputNeighborhood;<0, 0, 0, 0, 0>
0;88;(19,13);;<0, 0, 0, 0, 0>
0;89;(15,5);outputNeighborhood;<0, 0, 0, 0, 0>
0;89;(15,5);;<0, 0, 0, 0, 0>
0;90;(13,12);outputNeighborhood;<0, 0, 0, 0, 0>
0;90;(13,12);;<0, 0, 0, 0, 0>
0;91;(10,5);outputNeighborhood;<0, 0, 0, 0, 0>
0;91;(10,5);;<0, 0, 0, 0, 0>
0;92;(7,5);outputNeighborhood;<0, 0, 0, 0, 0>
0;92;(7,5);;<0, 0, 0, 0, 0>
0;93;(8,16);outputNeighborhood;<0, 0, 0, 0, 0>
0;93;(8,16);;<0, 0, 0, 0, 0>
0;94;(5,4);outputNeighborhood;<0, 0, 0, 0, 0>
0;94;(5,4);;<0, 0, 0, 0, 0>
0;95;(4,12);outputNeighborhood;<0, 0, 0, 0, 0>
0;95;(4,12);;<0, 0, 0, 0, 0>
0;96;(18,14);outputNeighborhood;<0, 0, 0, 0, 0>
0;96;(18,14);;<1, 0, 0, 0, 1>
0;97;(1,12);outputNeighborhood;<0, 0, 0, 0, 0>
0;97;(1,12);;<0, 0, 0, 0, 0>
0;98;(18,3);outputNeighborhood;<0, 0, 0, 0, 0>
0;98;(18,3);;<0, 0, 0, 0, 0>
0;99;(9,10);outputNeighborhood;<0, 0, 0, 0, 0>
0;99;(9,10);;<0, 0, 0, 0, 0>
0;100;(2,8);outputNeighborhood;<0, 0, 0, 0, 0>
0;100;(2,8);;<0, 0, 0, 0, 0>
0;101;(19,4);outputNeighborhood;<0, 0, 0, 0, 0>
0;101;(19,4);;<0, 0, 0, 0, 0>
0;102;(6,4);outputNeighborhood;<0, 0, 0, 0, 0>
0;102;(6,4);;<1, 0, 0, 0, 1>
0;103;(18,4);outputNeighborhood;<0, 0, 0, 0, 0>
0;103;(18,4);;<0, 0, 0, 0, 0>
0;104;(9,18);outputNeighborhood;<0, 0, 0, 0, 0>
0;104;(9,18);;<0, 0, 0, 0, 0>
0;105;(1,18);outputNeighborhood;<0, 0, 0, 0, 0>
0;105;(1,18);;<0, 0, 0, 0, 0>
0;106;(10,9);outputNeighborhood;<0, 0, 0, 0, 0>
0;106;(10,9);;<0, 0, 0, 0, 0>
0;107;(16,4);outputNeighborhood;<0, 0, 0, 0, 0>
0;107;(16,4);;<1, 0, 0, 0, 1>
0;108;(8,2);outputNeighborhood;<0, 0, 0, 0, 0>
0;108;(8,2);;<0, 0, 0, 0, 0>
0;109;(16,19);outputNeighborhood;<0, 0, 0, 0, 0>
0;109;(16,19);;<0, 0, 0, 0, 0>
0;110;(13,2);outputNeighborhood;<0, 0, 0, 0, 0>
0;110;(13,2);;<0, 0, 0, 0, 0>
0;111;(7,4);outputNeighborhood;<0, 0, 0, 0, 0>
0;111;(7,4);;<0, 0, 0, 0, 0>
0;112;(6,0);outputNeighborhood;<0, 0, 0, 0, 0>
0;112;(6,0);;<0, 0, 0, 0, 0>
0;113;(18,2);outputNeighborhood;<0, 0, 0, 0, 0>
0;113;(18,2);;<0, 0, 0, 0, 0>
0;114;(4,4);outputNeighborhood;<0, 0, 0, 0, 0>
0;114;(4,4);;<0, 0, 0, 0, 0>
0;115;(0,5);outputNeighborhood;<0, 0, 0, 0, 0>
0;115;(0,5);;<1, 0, 0, 0, 1>
0;116;(11,19);outputNeighborhood;<0, 0, 0, 0, 0>
0;116;(11,19);;<1, 0, 0, 0, 1>
0;117;(14,7);outputNeighborhood;<0, 0, 0, 0, 0>
0;117;(14,7);;<0, 0, 0, 0, 0>
0;118;(3,4);outputNeighborhood;<0, 0, 0, 0, 0>
0;118;(3,4);;<1, 0, 0, 0, 1>
0;119;(1,4);outputNeighborhood;<0, 0, 0, 0, 0>
0;119;(1,4);;<0, 0, 0, 0, 0>
0;120;(3,12);outputNeighborhood;<0, 0, 0, 0, 0>
0;120;(3,12);;<0, 0, 0, 0, 0>
0;121;(16,17);outputNeighborhood;<0, 0, 0, 0, 0>
0;121;(16,17);;<0, 0, 0, 0, 0>
0;122;(19,3);outputNeighborhood;<0, 0, 0, 0, 0>
0;122;(19,3);;<0, 0, 0, 0, 0>
0;123;(13,6);outputNeighborhood;<0, 0, 0, 0, 0>
0;123;(13,6);;<0, 0, 0, 0, 0>
0;124;(1,1);outputNeighborhood;<0, 0, 0, 0, 0>
0;124;(1,1);;<0, 0, 0, 0, 0>
0;125;(4,19);outputNeighborhood;<0, 0, 0, 0, 0>
0;125;(4,19);;<0, 0, 0, 0, 0>
0;126;(13,3);outputNeighborhood;<0, 0, 0, 0, 0>
0;126;(13,3);;<1, 0, 0, 0, 1>
0;127;(17,10);outputNeighborhood;<0, 0, 0, 0, 0>
0;127;(17,10);;<1, 0, 0, 0, 1>
0;128;(15,3);outputNeighborhood;<0, 0, 0, 0, 0>
0;128;(15,3);;<0, 0, 0, 0, 0>
0;129;(9,3);outputNeighborhood;<0, 0, 0, 0, 0>
0;129;(9,3);;<1, 0, 0, 0, 1>
0;130;(6,3);outputNeighborhood;<0, 0, 0, 0, 0>
0;130;(6,3);;<0, 0, 0, 0, 0>
0;131;(5,3);outputNeighborhood;<0, 0, 0, 0, 0>
0;131;(5,3);;<0, 0, 0, 0, 0>
0;132;(6,5);outputNeighborhood;<0, 0, 0, 0, 0>
0;132;(6,5);;<0, 0, 0, 0, 0>
0;133;(16,9);outputNeighborhood;<0, 0, 0, 0, 0>
0;133;(16,9);;<0, 0, 0, 0, 0>
0;134;(17,3);outputNeighborhood;<0, 0, 0, 0, 0>
0;134;(17,3);;<0, 0, 0, 0, 0>
0;135;(0,10);outputNeighborhood;<0, 0, 0, 0, 0>
0;135;(0,10);;<0, 0, 0, 0, 0>
0;136;(16,14);outputNeighborhood;<0, 0, 0, 0, 0>
0;136;(16,14);;<1, 0, 0, 0, 1>
0;137;(2,3);outputNeighborhood;<0, 0, 0, 0, 0>
0;137;(2,3);;<1, 0, 0, 0, 1>
0;138;(4,5);outputNeighborhood;<0, 0, 0, 0, 0>
0;138;(4,5);;<0, 0, 0, 0, 0>
0;139;(13,5);outputNeighborhood;<0, 0, 0, 0, 0>
0;139;(13,5);;<0, 0, 0, 0, 0>
0;140;(7,1);outputNeighborhood;<0, 0, 0, 0, 0>
0;140;(7,1);;<0, 0, 0, 0, 0>
0;141;(11,3);outputNeighborhood;<0, 0, 0, 0, 0>
0;141;(11,3);;<0, 0, 0, 0, 0>
0;142;(1,3);outputNeighborhood;<0, 0, 0, 0, 0>
0;142;(1,3);;<0, 0, 0, 0, 0>
0;143;(6,13);outputNeighborhood;<0, 0, 0, 0, 0>
0;143;(6,13);;<0, 0, 0, 0, 0>
0;144;(0,3);outputNeighborhood;<0, 0, 0, 0, 0>
0;144;(0,3);;<0, 0, 0, 0, 0>
0;145;(0,1);outputNeighborhood;<0, 0, 0, 0, 0>
0;145;(0,1);;<1, 0, 0, 0, 1>
0;146;(3,7);outputNeighborhood;<0, 0, 0, 0, 0>
0;146;(3,7);;<0, 0, 0, 0, 0>
0;147;(3,3);outputNeighborhood;<0, 0, 0, 0, 0>
0;147;(3,3);;<0, 0, 0, 0, 0>
0;148;(0,11);outputNeighborhood;<0, 0, 0, 0, 0>
0;148;(0,11);;<0, 0, 0, 0, 0>
0;149;(2,5);outputNeighborhood;<0, 0, 0, 0, 0>
0;149;(2,5);;<0, 0, 0, 0, 0>
0;150;(18,9);outputNeighborhood;<0, 0, 0, 0, 0>
0;150;(18,9);;<1, 0, 0, 0, 1>
0;151;(19,17);outputNeighborhood;<0, 0, 0, 0, 0>
0;151;(19,17);;<0, 0, 0, 0, 0>
0;152;(2,2);outputNeighborhood;<0, 0, 0, 0, 0>
0;152;(2,2);;<1, 0, 0, 0, 1>
0;153;(3,8);outputNeighborhood;<0, 0, 0, 0, 0>
0;153;(3,8);;<0, 0, 0, 0, 0>
0;154;(15,16);outputNeighborhood;<0, 0, 0, 0, 0>
0;154;(15,16);;<1, 0, 0, 0, 1>
0;155;(6,1);outputNeighborhood;<0, 0, 0, 0, 0>
0;155;(6,1);;<1, 0, 0, 0, 1>
0;156;(9,9);outputNeighborhood;<0, 0, 0, 0, 0>
0;156;(9,9);;<0, 0, 0, 0, 0>
0;157;(12,17);outputNeighborhood;<0, 0, 0, 0, 0>
0;157;(12,17);;<1, 0, 0, 0, 1>
0;158;(8,1);outputNeighborhood;<0, 0, 0, 0, 0>
0;158;(8,1);;<0, 0, 0, 0, 0>
0;159;(7,2);outputNeighborhood;<0, 0, 0, 0, 0>
0;159;(7,2);;<0, 0, 0, 0, 0>
0;160;(11,16);outputNeighborhood;<0, 0, 0, 0, 0>
0;160;(11,16);;<1, 0, 0, 0, 1>
0;161;(4,3);outputNeighborhood;<0, 0, 0, 0, 0>
0;161;(4,3);;<0, 0, 0, 0, 0>
0;162;(5,1);outputNeighborhood;<0, 0, 0, 0, 0>
0;162;(5,1);;<0, 0, 0, 0, 0>
0;163;(15,18);outputNeighborhood;<0, 0, 0, 0, 0>
0;163;(15,18);;<0, 0, 0, 0, 0>
0;164;(7,7);outputNeighborhood;<0, 0, 0, 0, 0>
0;164;(7,7);;<1, 0, 0, 0, 1>
0;165;(11,7);outputNeighborhood;<0, 0, 0, 0, 0>
0;165;(11,7);;<0, 0, 0, 0, 0>
0;166;(12,6);outputNeighborhood;<0, 0, 0, 0, 0>
0;166;(12,6);;<1, 0, 0, 0, 1>
0;167;(8,5);outputNeighborhood;<0, 0, 0, 0, 0>
0;167;(8,5);;<0, 0, 0, 0, 0>
0;168;(14,16);outputNeighborhood;<0, 0, 0, 0, 0>
0;168;(14,16);;<1, 0, 0, 0, 1>
0;169;(6,7);outputNeighborhood;<0, 0, 0, 0, 0>
0;169;(6,7);;<0, 0, 0, 0, 0>
0;170;(9,0);outputNeighborhood;<0, 0, 0, 0, 0>
0;170;(9,0);;<0, 0, 0, 0, 0>
0;171;(14,3);outputNeighborhood;<0, 0, 0, 0, 0>
0;171;(14,3);;<0, 0, 0, 0, 0>
0;172;(17,6);outputNeighborhood;<0, 0, 0, 0, 0>
0;172;(17,6);;<1, 0, 0, 0, 1>
0;173;(17,4);outputNeighborhood;<0, 0, 0, 0, 0>
0;173;(17,4);;<0, 0, 0, 0, 0>
0;174;(1,17);outputNeighborhood;<0, 0, 0, 0, 0>
0;174;(1,17);;<0, 0, 0, 0, 0>
0;175;(2,4);outputNeighborhood;<0, 0, 0, 0, 0>
0;175;(2,4);;<0, 0, 0, 0, 0>
0;176;(13,4);outputNeighborhood;<0, 0, 0, 0, 0>
0;176;(13,4);;<0, 0, 0, 0, 0>
0;177;(1,6);outputNeighborhood;<0, 0, 0, 0, 0>
0;177;(1,6);;<0, 0, 0, 0, 0>
0;178;(16,2);outputNeighborhood;<0, 0, 0, 0, 0>
0;178;(16,2);;<0, 0, 0, 0, 0>
0;179;(18,8);outputNeighborhood;<0, 0, 0, 0, 0>
0;179;(18,8);;<0, 0, 0, 0, 0>
0;180;(15,4);outputNeighborhood;<0, 0, 0, 0, 0>
0;180;(15,4);;<0, 0, 0, 0, 0>
0;181;(1,19);outputNeighborhood;<0, 0, 0, 0, 0>
0;181;(1,19);;<0, 0, 0, 0, 0>
0;182;(15,15);outputNeighborhood;<0, 0, 0, 0, 0>
0;182;(15,15);;<0, 0, 0, 0, 0>
0;183;(4,1);outputNeighborhood;<0, 0, 0, 0, 0>
0;183;(4,1);;<0, 0, 0, 0, 0>
0;184;(10,18);outputNeighborhood;<0, 0, 0, 0, 0>
0;184;(10,18);;<1, 0, 0, 0, 1>
0;185;(4,2);outputNeighborhood;<0, 0, 0, 0, 0>
0;185;(4,2);;<0, 0, 0, 0, 0>
0;186;(2,1);outputNeighborhood;<0, 0, 0, 0, 0>
0;186;(2,1);;<1, 0, 0, 0, 1>
0;187;(1,0);outputNeighborhood;<0, 0, 0, 0, 0>
0;187;(1,0);;<0, 0, 0, 0, 0>
0;188;(8,7);outputNeighborhood;<0, 0, 0, 0, 0>
0;188;(8,7);;<0, 0, 0, 0, 0>
0;189;(17,0);outputNeighborhood;<0, 0, 0, 0, 0>
0;189;(17,0);;<0, 0, 0, 0, 0>
0;190;(16,5);outputNeighborhood;<0, 0, 0, 0, 0>
0;190;(16,5);;<0, 0, 0, 0, 0>
0;191;(18,7);outputNeighborhood;<0, 0, 0, 0, 0>
0;191;(18,7);;<0, 0, 0, 0, 0>
0;192;(15,0);outputNeighborhood;<0, 0, 0, 0, 0>
0;192;(15,0);;<0, 0, 0, 0, 0>
0;193;(16,16);outputNeighborhood;<0, 0, 0, 0, 0>
0;193;(16,16);;<0, 0, 0, 0, 0>
0;194;(2,11);outputNeighborhood;<0, 0, 0, 0, 0>
0;194;(2,11);;<0, 0, 0, 0, 0>
0;195;(10,13);outputNeighborhood;<0, 0, 0, 0, 0>
0;195;(10,13);;<0, 0, 0, 0, 0>
0;196;(9,4);outputNeighborhood;<0, 0, 0, 0, 0>
0;196;(9,4);;<1, 0, 0, 0, 1>
0;197;(1,11);outputNeighborhood;<0, 0, 0, 0, 0>
0;197;(1,11);;<0, 0, 0, 0, 0>
0;198;(7,11);outputNeighborhood;<0, 0, 0, 0, 0>
0;198;(7,11);;<1, 0, 0, 0, 1>
0;199;(3,1);outputNeighborhood;<0, 0, 0, 0, 0>
0;199;(3,1);;<0, 0, 0, 0, 0>
0;200;(3,15);outputNeighborhood;<0, 0, 0, 0, 0>
0;200;(3,15);;<0, 0, 0, 0, 0>
0;201;(5,2);outputNeighborhood;<0, 0, 0, 0, 0>
0;201;(5,2);;<0, 0, 0, 0, 0>
0;202;(17,11);outputNeighborhood;<0, 0, 0, 0, 0>
0;202;(17,11);;<0, 0, 0, 0, 0>
0;203;(7,8);outputNeighborhood;<0, 0, 0, 0, 0>
0;203;(7,8);;<0, 0, 0, 0, 0>
0;204;(7,0);outputNeighborhood;<0, 0, 0, 0, 0>
0;204;(7,0);;<0, 0, 0, 0, 0>
0;205;(19,7);outputNeighborhood;<0, 0, 0, 0, 0>
0;205;(19,7);;<0, 0, 0, 0, 0>
0;206;(2,16);outputNeighborhood;<0, 0, 0, 0, 0>
0;206;(2,16);;<0, 0, 0, 0, 0>
0;207;(12,3);outputNeighborhood;<0, 0, 0, 0, 0>
0;207;(12,3);;<0, 0, 0, 0, 0>
0;208;(9,19);outputNeighborhood;<0, 0, 0, 0, 0>
0;208;(9,19);;<1, 0, 0, 0, 1>
0;209;(8,19);outputNeighborhood;<0, 0, 0, 0, 0>
0;209;(8,19);;<0, 0, 0, 0, 0>
0;210;(14,8);outputNeighborhood;<0, 0, 0, 0, 0>
0;210;(14,8);;<0, 0, 0, 0, 0>
0;211;(12,5);outputNeighborhood;<0, 0, 0, 0, 0>
0;211;(12,5);;<0, 0, 0, 0, 0>
0;212;(7,3);outputNeighborhood;<0, 0, 0, 0, 0>
0;212;(7,3);;<1, 0, 0, 0, 1>
0;213;(11,15);outputNeighborhood;<0, 0, 0, 0, 0>
0;213;(11,15);;<1, 0, 0, 0, 1>
0;214;(13,14);outputNeighborhood;<0, 0, 0, 0, 0>
0;214;(13,14);;<0, 0, 0, 0, 0>
0;215;(5,12);outputNeighborhood;<0, 0, 0, 0, 0>
0;215;(5,12);;<1, 0, 0, 0, 1>
0;216;(5,0);outputNeighborhood;<0, 0, 0, 0, 0>
0;216;(5,0);;<1, 0, 0, 0, 1>
0;217;(1,9);outputNeighborhood;<0, 0, 0, 0, 0>
0;217;(1,9);;<0, 0, 0, 0, 0>
0;218;(13,19);outputNeighborhood;<0, 0, 0, 0, 0>
0;218;(13,19);;<0, 0, 0, 0, 0>
0;219;(3,16);outputNeighborhood;<0, 0, 0, 0, 0>
0;219;(3,16);;<0, 0, 0, 0, 0>
0;220;(0,13);outputNeighborhood;<0, 0, 0, 0, 0>
0;220;(0,13);;<0, 0, 0, 0, 0>
0;221;(19,2);outputNeighborhood;<0, 0, 0, 0, 0>
0;221;(19,2);;<0, 0, 0, 0, 0>
0;222;(10,0);outputNeighborhood;<0, 0, 0, 0, 0>
0;222;(10,0);;<0, 0, 0, 0, 0>
0;223;(18,0);outputNeighborhood;<0, 0, 0, 0, 0>
0;223;(18,0);;<0, 0, 0, 0, 0>
0;224;(3,11);outputNeighborhood;<0, 0, 0, 0, 0>
0;224;(3,11);;<1, 0, 0, 0, 1>
0;225;(8,0);outputNeighborhood;<0, 0, 0, 0, 0>
0;225;(8,0);;<0, 0, 0, 0, 0>
0;226;(14,9);outputNeighborhood;<0, 0, 0, 0, 0>
0;226;(14,9);;<0, 0, 0, 0, 0>
0;227;(11,4);outputNeighborhood;<0, 0, 0, 0, 0>
0;227;(11,4);;<0, 0, 0, 0, 0>
0;228;(12,9);outputNeighborhood;<0, 0, 0, 0, 0>
0;228;(12,9);;<0, 0, 0, 0, 0>
0;229;(9,17);outputNeighborhood;<0, 0, 0, 0, 0>
0;229;(9,17);;<0, 0, 0, 0, 0>
0;230;(10,3);outputNeighborhood;<0, 0, 0, 0, 0>
0;230;(10,3);;<0, 0, 0, 0, 0>
0;231;(19,1);outputNeighborhood;<0, 0, 0, 0, 0>
0;231;(19,1);;<0, 0, 0, 0, 0>
0;232;(18,15);outputNeighborhood;<0, 0, 0, 0, 0>
0;232;(18,15);;<0, 0, 0, 0, 0>
0;233;(12,11);outputNeighborhood;<0, 0, 0, 0, 0>
0;233;(12,11);;<0, 0, 0, 0, 0>
0;234;(17,13);outputNeighborhood;<0, 0, 0, 0, 0>
0;234;(17,13);;<0, 0, 0, 0, 0>
0;235;(14,12);outputNeighborhood;<0, 0, 0, 0, 0>
0;235;(14,12);;<0, 0, 0, 0, 0>
0;236;(4,0);outputNeighborhood;<0, 0, 0, 0, 0>
0;236;(4,0);;<0, 0, 0, 0, 0>
0;237;(9,5);outputNeighborhood;<0, 0, 0, 0, 0>
0;237;(9,5);;<1, 0, 0, 0, 1>
0;238;(3,6);outputNeighborhood;<0, 0, 0, 0, 0>
0;238;(3,6);;<0, 0, 0, 0, 0>
0;239;(12,2);outputNeighborhood;<0, 0, 0, 0, 0>
0;239;(12,2);;<0, 0, 0, 0, 0>
0;240;(13,0);outputNeighborhood;<0, 0, 0, 0, 0>
0;240;(13,0);;<0, 0, 0, 0, 0>
0;241;(11,1);outputNeighborhood;<0, 0, 0, 0, 0>
0;241;(11,1);;<0, 0, 0, 0, 0>
0;242;(10,1);outputNeighborhood;<0, 0, 0, 0, 0>
0;242;(10,1);;<0, 0, 0, 0, 0>
0;243;(15,6);outputNeighborhood;<0, 0, 0, 0, 0>
0;243;(15,6);;<0, 0, 0, 0, 0>
0;244;(11,6);outputNeighborhood;<0, 0, 0, 0, 0>
0;244;(11,6);;<0, 0, 0, 0, 0>
0;245;(2,6);outputNeighborhood;<0, 0, 0, 0, 0>
0;245;(2,6);;<0, 0, 0, 0, 0>
0;246;(11,11);outputNeighborhood;<0, 0, 0, 0, 0>
0;246;(11,11);;<0, 0, 0, 0, 0>
0;247;(15,11);outputNeighborhood;<0, 0, 0, 0, 0>
0;247;(15,11);;<0, 0, 0, 0, 0>
0;248;(16,0);outputNeighborhood;<0, 0, 0, 0, 0>
0;248;(16,0);;<0, 0, 0, 0, 0>
0;249;(14,0);outputNeighborhood;<0, 0, 0, 0, 0>
0;249;(14,0);;<1, 0, 0, 0, 1>
0;250;(12,1);outputNeighborhood;<0, 0, 0, 0, 0>
0;250;(12,1);;<1, 0, 0, 0, 1>
0;251;(6,16);outputNeighborhood;<0, 0, 0, 0, 0>
0;251;(6,16);;<1, 0, 0, 0, 1>
0;252;(17,1);outputNeighborhood;<0, 0, 0, 0, 0>
0;252;(17,1);;<0, 0, 0, 0, 0>
0;253;(16,1);outputNeighborhood;<0, 0, 0, 0, 0>
0;253;(16,1);;<0, 0, 0, 0, 0>
0;254;(15,1);outputNeighborhood;<0, 0, 0, 0, 0>
0;254;(15,1);;<0, 0, 0, 0, 0>
0;255;(18,1);outputNeighborhood;<0, 0, 0, 0, 0>
0;255;(18,1);;<0, 0, 0, 0, 0>
0;256;(2,7);outputNeighborhood;<0, 0, 0, 0, 0>
0;256;(2,7);;<0, 0, 0, 0, 0>
0;257;(9,2);outputNeighborhood;<0, 0, 0, 0, 0>
0;257;(9,2);;<1, 0, 0, 0, 1>
0;258;(11,0);outputNeighborhood;<0, 0, 0, 0, 0>
0;258;(11,0);;<1, 0, 0, 0, 1>
0;259;(0,0);outputNeighborhood;<0, 0, 0, 0, 0>
0;259;(0,0);;<0, 0, 0, 0, 0>
0;260;(1,2);outputNeighborhood;<0, 0, 0, 0, 0>
0;260;(1,2);;<0, 0, 0, 0, 0>
0;261;(0,14);outputNeighborhood;<0, 0, 0, 0, 0>
0;261;(0,14);;<0, 0, 0, 0, 0>
0;262;(13,9);outputNeighborhood;<0, 0, 0, 0, 0>
0;262;(13,9);;<1, 0, 0, 0, 1>
0;263;(14,10);outputNeighborhood;<0, 0, 0, 0, 0>
0;263;(14,10);;<0, 0, 0, 0, 0>
0;264;(3,0);outputNeighborhood;<0, 0, 0, 0, 0>
0;264;(3,0);;<0, 0, 0, 0, 0>
0;265;(3,5);outputNeighborhood;<0, 0, 0, 0, 0>
0;265;(3,5);;<0, 0, 0, 0, 0>
0;266;(0,2);outputNeighborhood;<0, 0, 0, 0, 0>
0;266;(0,2);;<0, 0, 0, 0, 0>
0;267;(3,2);outputNeighborhood;<0, 0, 0, 0, 0>
0;267;(3,2);;<0, 0, 0, 0, 0>
0;268;(4,17);outputNeighborhood;<0, 0, 0, 0, 0>
0;268;(4,17);;<0, 0, 0, 0, 0>
0;269;(12,15);outputNeighborhood;<0, 0, 0, 0, 0>
0;269;(12,15);;<0, 0, 0, 0, 0>
0;270;(6,2);outputNeighborhood;<0, 0, 0, 0, 0>
0;270;(6,2);;<0, 0, 0, 0, 0>
0;271;(10,16);outputNeighborhood;<0, 0, 0, 0, 0>
0;271;(10,16);;<0, 0, 0, 0, 0>
0;272;(14,5);outputNeighborhood;<0, 0, 0, 0, 0>
0;272;(14,5);;<0, 0, 0, 0, 0>
0;273;(2,0);outputNeighborhood;<0, 0, 0, 0, 0>
0;273;(2,0);;<0, 0, 0, 0, 0>
0;274;(19,5);outputNeighborhood;<0, 0, 0, 0, 0>
0;274;(19,5);;<0, 0, 0, 0, 0>
0;275;(14,1);outputNeighborhood;<0, 0, 0, 0, 0>
0;275;(14,1);;<1, 0, 0, 0, 1>
0;276;(13,18);outputNeighborhood;<0, 0, 0, 0, 0>
0;276;(13,18);;<1, 0, 0, 0, 1>
0;277;(7,14);outputNeighborhood;<0, 0, 0, 0, 0>
0;277;(7,14);;<0, 0, 0, 0, 0>
0;278;(16,7);outputNeighborhood;<0, 0, 0, 0, 0>
0;278;(16,7);;<0, 0, 0, 0, 0>
0;279;(8,8);outputNeighborhood;<0, 0, 0, 0, 0>
0;279;(8,8);;<0, 0, 0, 0, 0>
0;280;(10,2);outputNeighborhood;<0, 0, 0, 0, 0>
0;280;(10,2);;<0, 0, 0, 0, 0>
0;281;(11,2);outputNeighborhood;<0, 0, 0, 0, 0>
0;281;(11,2);;<1, 0, 0, 0, 1>
0;282;(6,17);outputNeighborhood;<0, 0, 0, 0, 0>
0;282;(6,17);;<0, 0, 0, 0, 0>
0;283;(19,14);outputNeighborhood;<0, 0, 0, 0, 0>
0;283;(19,14);;<0, 0, 0, 0, 0>
0;284;(14,4);outputNeighborhood;<0, 0, 0, 0, 0>
0;284;(14,4);;<0, 0, 0, 0, 0>
0;285;(14,2);outputNeighborhood;<0, 0, 0, 0, 0>
0;285;(14,2);;<0, 0, 0, 0, 0>
0;286;(13,8);outputNeighborhood;<0, 0, 0, 0, 0>
0;286;(13,8);;<0, 0, 0, 0, 0>
0;287;(0,18);outputNeighborhood;<0, 0, 0, 0, 0>
0;287;(0,18);;<0, 0, 0, 0, 0>
0;288;(9,1);outputNeighborhood;<0, 0, 0, 0, 0>
0;288;(9,1);;<0, 0, 0, 0, 0>
0;289;(0,12);outputNeighborhood;<0, 0, 0, 0, 0>
0;289;(0,12);;<0, 0, 0, 0, 0>
0;290;(19,10);outputNeighborhood;<0, 0, 0, 0, 0>
0;290;(19,10);;<0, 0, 0, 0, 0>
0;291;(7,19);outputNeighborhood;<0, 0, 0, 0, 0>
0;291;(7,19);;<0, 0, 0, 0, 0>
0;292;(7,6);outputNeighborhood;<0, 0, 0, 0, 0>
0;292;(7,6);;<0, 0, 0, 0, 0>
0;293;(8,9);outputNeighborhood;<0, 0, 0, 0, 0>
0;293;(8,9);;<0, 0, 0, 0, 0>
0;294;(10,11);outputNeighborhood;<0, 0, 0, 0, 0>
0;294;(10,11);;<1, 0, 0, 0, 1>
0;295;(8,6);outputNeighborhood;<0, 0, 0, 0, 0>
0;295;(8,6);;<0, 0, 0, 0, 0>
0;296;(10,15);outputNeighborhood;<0, 0, 0, 0, 0>
0;296;(10,15);;<0, 0, 0, 0, 0>
0;297;(9,6);outputNeighborhood;<0, 0, 0, 0, 0>
0;297;(9,6);;<0, 0, 0, 0, 0>
0;298;(17,18);outputNeighborhood;<0, 0, 0, 0, 0>
0;298;(17,18);;<0, 0, 0, 0, 0>
0;299;(19,0);outputNeighborhood;<0, 0, 0, 0, 0>
0;299;(19,0);;<0, 0, 0, 0, 0>
0;300;(10,6);outputNeighborhood;<0, 0, 0, 0, 0>
0;300;(10,6);;<1, 0, 0, 0, 1>
0;301;(14,6);outputNeighborhood;<0, 0, 0, 0, 0>
0;301;(14,6);;<0, 0, 0, 0, 0>
0;302;(8,12);outputNeighborhood;<0, 0, 0, 0, 0>
0;302;(8,12);;<0, 0, 0, 0, 0>
0;303;(16,6);outputNeighborhood;<0, 0, 0, 0, 0>
0;303;(16,6);;<0, 0, 0, 0, 0>
0;304;(18,6);outputNeighborhood;<0, 0, 0, 0, 0>
0;304;(18,6);;<0, 0, 0, 0, 0>
0;305;(17,2);outputNeighborhood;<0, 0, 0, 0, 0>
0;305;(17,2);;<0, 0, 0, 0, 0>
0;306;(0,7);outputNeighborhood;<0, 0, 0, 0, 0>
0;306;(0,7);;<0, 0, 0, 0, 0>
0;307;(15,8);outputNeighborhood;<0, 0, 0, 0, 0>
0;307;(15,8);;<1, 0, 0, 0, 1>
0;308;(1,7);outputNeighborhood;<0, 0, 0, 0, 0>
0;308;(1,7);;<1, 0, 0, 0, 1>
0;309;(4,7);outputNeighborhood;<0, 0, 0, 0, 0>
0;309;(4,7);;<0, 0, 0, 0, 0>
0;310;(8,14);outputNeighborhood;<0, 0, 0, 0, 0>
0;310;(8,14);;<0, 0, 0, 0, 0>
0;311;(5,7);outputNeighborhood;<0, 0, 0, 0, 0>
0;311;(5,7);;<0, 0, 0, 0, 0>
0;312;(12,4);outputNeighborhood;<0, 0, 0, 0, 0>
0;312;(12,4);;<0, 0, 0, 0, 0>
0;313;(9,7);outputNeighborhood;<0, 0, 0, 0, 0>
0;313;(9,7);;<0, 0, 0, 0, 0>
0;314;(10,7);outputNeighborhood;<0, 0, 0, 0, 0>
0;314;(10,7);;<0, 0, 0, 0, 0>
0;315;(12,7);outputNeighborhood;<0, 0, 0, 0, 0>
0;315;(12,7);;<0, 0, 0, 0, 0>
0;316;(13,7);outputNeighborhood;<0, 0, 0, 0, 0>
0;316;(13,7);;<0, 0, 0, 0, 0>
0;317;(13,16);outputNeighborhood;<0, 0, 0, 0, 0>
0;317;(13,16);;<0, 0, 0, 0, 0>
0;318;(15,7);outputNeighborhood;<0, 0, 0, 0, 0>
0;318;(15,7);;<0, 0, 0, 0, 0>
0;319;(17,14);outputNeighborhood;<0, 0, 0, 0, 0>
0;319;(17,14);;<0, 0, 0, 0, 0>
0;320;(17,7);outputNeighborhood;<0, 0, 0, 0, 0>
0;320;(17,7);;<0, 0, 0, 0, 0>
0;321;(1,8);outputNeighborhood;<0, 0, 0, 0, 0>
0;321;(1,8);;<0, 0, 0, 0, 0>
0;322;(9,8);outputNeighborhood;<0, 0, 0, 0, 0>
0;322;(9,8);;<0, 0, 0, 0, 0>
0;323;(10,4);outputNeighborhood;<0, 0, 0, 0, 0>
0;323;(10,4);;<0, 0, 0, 0, 0>
0;324;(0,8);outputNeighborhood;<0, 0, 0, 0, 0>
0;324;(0,8);;<0, 0, 0, 0, 0>
0;325;(3,19);outputNeighborhood;<0, 0, 0, 0, 0>
0;325;(3,19);;<0, 0, 0, 0, 0>
0;326;(4,8);outputNeighborhood;<0, 0, 0, 0, 0>
0;326;(4,8);;<1, 0, 0, 0, 1>
0;327;(5,8);outputNeighborhood;<0, 0, 0, 0, 0>
0;327;(5,8);;<1, 0, 0, 0, 1>
0;328;(5,5);outputNeighborhood;<0, 0, 0, 0, 0>
0;328;(5,5);;<0, 0, 0, 0, 0>
0;329;(8,3);outputNeighborhood;<0, 0, 0, 0, 0>
0;329;(8,3);;<0, 0, 0, 0, 0>
0;330;(6,8);outputNeighborhood;<0, 0, 0, 0, 0>
0;330;(6,8);;<0, 0, 0, 0, 0>
0;331;(0,6);outputNeighborhood;<0, 0, 0, 0, 0>
0;331;(0,6);;<0, 0, 0, 0, 0>
0;332;(19,6);outputNeighborhood;<0, 0, 0, 0, 0>
0;332;(19,6);;<0, 0, 0, 0, 0>
0;333;(10,8);outputNeighborhood;<0, 0, 0, 0, 0>
0;333;(10,8);;<0, 0, 0, 0, 0>
0;334;(16,18);outputNeighborhood;<0, 0, 0, 0, 0>
0;334;(16,18);;<0, 0, 0, 0, 0>
0;335;(6,9);outputNeighborhood;<0, 0, 0, 0, 0>
0;335;(6,9);;<0, 0, 0, 0, 0>
0;336;(11,8);outputNeighborhood;<0, 0, 0, 0, 0>
0;336;(11,8);;<0, 0, 0, 0, 0>
0;337;(12,8);outputNeighborhood;<0, 0, 0, 0, 0>
0;337;(12,8);;<0, 0, 0, 0, 0>
0;338;(17,15);outputNeighborhood;<0, 0, 0, 0, 0>
0;338;(17,15);;<0, 0, 0, 0, 0>
0;339;(17,8);outputNeighborhood;<0, 0, 0, 0, 0>
0;339;(17,8);;<0, 0, 0, 0, 0>
0;340;(11,10);outputNeighborhood;<0, 0, 0, 0, 0>
0;340;(11,10);;<0, 0, 0, 0, 0>
0;341;(16,3);outputNeighborhood;<0, 0, 0, 0, 0>
0;341;(16,3);;<0, 0, 0, 0, 0>
0;342;(11,9);outputNeighborhood;<0, 0, 0, 0, 0>
0;342;(11,9);;<0, 0, 0, 0, 0>
0;343;(19,8);outputNeighborhood;<0, 0, 0, 0, 0>
0;343;(19,8);;<1, 0, 0, 0, 1>
0;344;(6,12);outputNeighborhood;<0, 0, 0, 0, 0>
0;344;(6,12);;<0, 0, 0, 0, 0>
0;345;(15,2);outputNeighborhood;<0, 0, 0, 0, 0>
0;345;(15,2);;<0, 0, 0, 0, 0>
0;346;(4,11);outputNeighborhood;<0, 0, 0, 0, 0>
0;346;(4,11);;<0, 0, 0, 0, 0>
0;347;(0,9);outputNeighborhood;<0, 0, 0, 0, 0>
0;347;(0,9);;<0, 0, 0, 0, 0>
0;348;(8,11);outputNeighborhood;<0, 0, 0, 0, 0>
0;348;(8,11);;<0, 0, 0, 0, 0>
0;349;(2,9);outputNeighborhood;<0, 0, 0, 0, 0>
0;349;(2,9);;<0, 0, 0, 0, 0>
0;350;(3,9);outputNeighborhood;<0, 0, 0, 0, 0>
0;350;(3,9);;<0, 0, 0, 0, 0>
0;351;(4,9);outputNeighborhood;<0, 0, 0, 0, 0>
0;351;(4,9);;<0, 0, 0, 0, 0>
0;352;(5,9);outputNeighborhood;<0, 0, 0, 0, 0>
0;352;(5,9);;<0, 0, 0, 0, 0>
0;353;(4,10);outputNeighborhood;<0, 0, 0, 0, 0>
0;353;(4,10);;<1, 0, 0, 0, 1>
0;354;(8,4);outputNeighborhood;<0, 0, 0, 0, 0>
0;354;(8,4);;<0, 0, 0, 0, 0>
0;355;(7,9);outputNeighborhood;<0, 0, 0, 0, 0>
0;355;(7,9);;<0, 0, 0, 0, 0>
0;356;(5,18);outputNeighborhood;<0, 0, 0, 0, 0>
0;356;(5,18);;<1, 0, 0, 0, 1>
0;357;(15,9);outputNeighborhood;<0, 0, 0, 0, 0>
0;357;(15,9);;<0, 0, 0, 0, 0>
0;358;(17,9);outputNeighborhood;<0, 0, 0, 0, 0>
0;358;(17,9);;<0, 0, 0, 0, 0>
0;359;(19,9);outputNeighborhood;<0, 0, 0, 0, 0>
0;359;(19,9);;<0, 0, 0, 0, 0>
0;360;(1,10);outputNeighborhood;<0, 0, 0, 0, 0>
0;360;(1,10);;<0, 0, 0, 0, 0>
0;361;(13,17);outputNeighborhood;<0, 0, 0, 0, 0>
0;361;(13,17);;<0, 0, 0, 0, 0>
0;362;(1,14);outputNeighborhood;<0, 0, 0, 0, 0>
0;362;(1,14);;<0, 0, 0, 0, 0>
0;363;(2,10);outputNeighborhood;<0, 0, 0, 0, 0>
0;363;(2,10);;<0, 0, 0, 0, 0>
0;364;(3,10);outputNeighborhood;<0, 0, 0, 0, 0>
0;364;(3,10);;<0, 0, 0, 0, 0>
0;365;(5,10);outputNeighborhood;<0, 0, 0, 0, 0>
0;365;(5,10);;<0, 0, 0, 0, 0>
0;366;(6,10);outputNeighborhood;<0, 0, 0, 0, 0>
0;366;(6,10);;<0, 0, 0, 0, 0>
0;367;(19,11);outputNeighborhood;<0, 0, 0, 0, 0>
0;367;(19,11);;<1, 0, 0, 0, 1>
0;368;(15,14);outputNeighborhood;<0, 0, 0, 0, 0>
0;368;(15,14);;<0, 0, 0, 0, 0>
0;369;(7,10);outputNeighborhood;<0, 0, 0, 0, 0>
0;369;(7,10);;<0, 0, 0, 0, 0>
0;370;(8,10);outputNeighborhood;<0, 0, 0, 0, 0>
0;370;(8,10);;<0, 0, 0, 0, 0>
0;371;(9,11);outputNeighborhood;<0, 0, 0, 0, 0>
0;371;(9,11);;<1, 0, 0, 0, 1>
0;372;(10,10);outputNeighborhood;<0, 0, 0, 0, 0>
0;372;(10,10);;<0, 0, 0, 0, 0>
0;373;(12,10);outputNeighborhood;<0, 0, 0, 0, 0>
0;373;(12,10);;<0, 0, 0, 0, 0>
0;374;(16,12);outputNeighborhood;<0, 0, 0, 0, 0>
0;374;(16,12);;<0, 0, 0, 0, 0>
0;375;(13,10);outputNeighborhood;<0, 0, 0, 0, 0>
0;375;(13,10);;<0, 0, 0, 0, 0>
0;376;(7,12);outputNeighborhood;<0, 0, 0, 0, 0>
0;376;(7,12);;<0, 0, 0, 0, 0>
0;377;(18,18);outputNeighborhood;<0, 0, 0, 0, 0>
0;377;(18,18);;<0, 0, 0, 0, 0>
0;378;(15,10);outputNeighborhood;<0, 0, 0, 0, 0>
0;378;(15,10);;<0, 0, 0, 0, 0>
0;379;(16,10);outputNeighborhood;<0, 0, 0, 0, 0>
0;379;(16,10);;<0, 0, 0, 0, 0>
0;380;(0,4);outputNeighborhood;<0, 0, 0, 0, 0>
0;380;(0,4);;<0, 0, 0, 0, 0>
0;381;(2,12);outputNeighborhood;<0, 0, 0, 0, 0>
0;381;(2,12);;<0, 0, 0, 0, 0>
0;382;(12,19);outputNeighborhood;<0, 0, 0, 0, 0>
0;382;(12,19);;<1, 0, 0, 0, 1>
0;383;(18,10);outputNeighborhood;<0, 0, 0, 0, 0>
0;383;(18,10);;<0, 0, 0, 0, 0>
0;384;(9,12);outputNeighborhood;<0, 0, 0, 0, 0>
0;384;(9,12);;<1, 0, 0, 0, 1>
0;385;(5,11);outputNeighborhood;<0, 0, 0, 0, 0>
0;385;(5,11);;<0, 0, 0, 0, 0>
0;386;(16,11);outputNeighborhood;<0, 0, 0, 0, 0>
0;386;(16,11);;<0, 0, 0, 0, 0>
0;387;(11,5);outputNeighborhood;<0, 0, 0, 0, 0>
0;387;(11,5);;<0, 0, 0, 0, 0>
0;388;(4,6);outputNeighborhood;<0, 0, 0, 0, 0>
0;388;(4,6);;<0, 0, 0, 0, 0>
0;389;(6,11);outputNeighborhood;<0, 0, 0, 0, 0>
0;389;(6,11);;<0, 0, 0, 0, 0>
0;390;(1,5);outputNeighborhood;<0, 0, 0, 0, 0>
0;390;(1,5);;<0, 0, 0, 0, 0>
0;391;(5,6);outputNeighborhood;<0, 0, 0, 0, 0>
0;391;(5,6);;<0, 0, 0, 0, 0>
0;392;(14,11);outputNeighborhood;<0, 0, 0, 0, 0>
0;392;(14,11);;<0, 0, 0, 0, 0>
0;393;(18,11);outputNeighborhood;<0, 0, 0, 0, 0>
0;393;(18,11);;<1, 0, 0, 0, 1>
0;394;(13,1);outputNeighborhood;<0, 0, 0, 0, 0>
0;394;(13,1);;<0, 0, 0, 0, 0>
0;395;(16,8);outputNeighborhood;<0, 0, 0, 0, 0>
0;395;(16,8);;<0, 0, 0, 0, 0>
0;396;(10,12);outputNeighborhood;<0, 0, 0, 0, 0>
0;396;(10,12);;<0, 0, 0, 0, 0>
0;397;(13,11);outputNeighborhood;<0, 0, 0, 0, 0>
0;397;(13,11);;<0, 0, 0, 0, 0>
0;398;(11,12);outputNeighborhood;<0, 0, 0, 0, 0>
0;398;(11,12);;<0, 0, 0, 0, 0>
0;399;(12,12);outputNeighborhood;<0, 0, 0, 0, 0>
0;399;(12,12);;<1, 0, 0, 0, 1>
0;400;(15,12);outputNeighborhood;<0, 0, 0, 0, 0>
0;400;(15,12);;<1, 0, 0, 0, 1>
1;1;(19,19);;<0, 0, 0, 0, 0>
1;4;(15,19);outputNeighborhood;<1, 0, 0, 0, 1>
1;4;(15,19);;<0, 0, 0, 0, 0>
1;5;(14,19);;<0, 0, 0, 0, 0>
1;7;(5,19);;<1, 0, 0, 0, 1>
1;10;(19,18);outputNeighborhood;<1, 0, 0, 0, 1>
1;10;(19,18);;<1, 0, 0, 0, 1>
1;11;(14,18);outputNeighborhood;<1, 0, 0, 0, 1>
1;11;(14,18);;<1, 0, 0, 0, 1>
1;12;(12,18);;<1, 0, 0, 0, 1>
1;13;(11,18);;<0, 0, 0, 0, 0>
1;15;(6,18);;<0, 0, 0, 0, 0>
1;16;(4,18);;<0, 0, 0, 0, 0>
1;18;(2,18);;<1, 0, 0, 0, 1>
1;19;(18,17);;<0, 0, 0, 0, 0>
1;20;(17,17);outputNeighborhood;<1, 0, 0, 0, 1>
1;20;(17,17);;<1, 0, 0, 0, 1>
1;21;(15,17);;<0, 0, 0, 0, 0>
1;22;(14,17);;<0, 0, 0, 0, 0>
1;23;(11,17);;<0, 0, 0, 0, 0>
1;24;(10,17);outputNeighborhood;<1, 0, 0, 0, 1>
1;24;(10,17);;<1, 0, 0, 0, 1>
1;25;(7,17);outputNeighborhood;<1, 0, 0, 0, 1>
1;25;(7,17);;<1, 0, 0, 0, 1>
1;26;(5,17);outputNeighborhood;<1, 0, 0, 0, 1>
1;26;(5,17);;<1, 0, 0, 0, 1>
1;27;(3,17);;<1, 0, 0, 0, 1>
1;28;(2,17);outputNeighborhood;<1, 0, 0, 0, 1>
1;28;(2,17);;<1, 0, 0, 0, 1>
1;30;(19,16);outputNeighborhood;<1, 0, 0, 0, 1>
1;30;(19,16);;<1, 0, 0, 0, 1>
1;31;(18,16);;<0, 0, 0, 0, 0>
1;32;(17,16);;<0, 0, 0, 0, 0>
1;33;(12,16);;<0, 0, 0, 0, 0>
1;34;(7,18);;<1, 0, 0, 0, 1>
1;36;(7,16);;<0, 0, 0, 0, 0>
1;37;(5,16);;<0, 0, 0, 0, 0>
1;40;(0,16);;<0, 0, 0, 0, 0>
1;41;(19,15);;<0, 0, 0, 0, 0>
1;42;(16,15);;<0, 0, 0, 0, 0>
1;43;(14,15);;<0, 0, 0, 0, 0>
1;46;(6,15);;<0, 0, 0, 0, 0>
1;47;(5,15);outputNeighborhood;<1, 0, 0, 0, 1>
1;47;(5,15);;<1, 0, 0, 0, 1>
1;48;(4,15);;<0, 0, 0, 0, 0>
1;49;(2,15);;<0, 0, 0, 0, 0>
1;54;(11,14);;<0, 0, 0, 0, 0>
1;58;(5,14);;<1, 0, 0, 0, 1>
1;59;(4,14);outputNeighborhood;<1, 0, 0, 0, 1>
1;59;(4,14);;<1, 0, 0, 0, 1>
1;60;(3,14);;<0, 0, 0, 0, 0>
1;62;(2,14);outputNeighborhood;<1, 0, 0, 0, 1>
1;62;(2,14);;<1, 0, 0, 0, 1>
1;63;(8,17);;<0, 0, 0, 0, 0>
1;64;(18,13);;<0, 0, 0, 0, 0>
1;65;(16,13);;<0, 0, 0, 0, 0>
1;66;(15,13);outputNeighborhood;<1, 0, 0, 0, 1>
1;66;(15,13);;<0, 0, 0, 0, 0>
1;67;(14,13);;<0, 0, 0, 0, 0>
1;69;(12,13);;<0, 0, 0, 0, 0>
1;71;(9,13);;<0, 0, 0, 0, 0>
1;74;(5,13);;<0, 0, 0, 0, 0>
1;76;(4,13);;<1, 0, 0, 0, 1>
1;78;(2,13);;<0, 0, 0, 0, 0>
1;79;(1,13);outputNeighborhood;<1, 0, 0, 0, 1>
1;79;(1,13);;<0, 0, 0, 0, 0>
1;80;(19,12);;<0, 0, 0, 0, 0>
1;81;(18,12);;<0, 0, 0, 0, 0>
1;83;(10,19);;<0, 0, 0, 0, 0>
1;85;(12,0);;<0, 0, 0, 0, 0>
1;87;(17,5);;<0, 0, 0, 0, 0>
1;90;(13,12);;<0, 0, 0, 0, 0>
1;91;(10,5);;<0, 0, 0, 0, 0>
1;94;(5,4);;<0, 0, 0, 0, 0>
1;95;(4,12);;<0, 0, 0, 0, 0>
1;96;(18,14);outputNeighborhood;<1, 0, 0, 0, 1>
1;96;(18,14);;<0, 0, 0, 0, 0>
1;97;(1,12);;<0, 0, 0, 0, 0>
1;99;(9,10);;<0, 0, 0, 0, 0>
1;102;(6,4);outputNeighborhood;<1, 0, 0, 0, 1>
1;102;(6,4);;<0, 0, 0, 0, 0>
1;104;(9,18);;<0, 0, 0, 0, 0>
1;107;(16,4);outputNeighborhood;<1, 0, 0, 0, 1>
1;107;(16,4);;<1, 0, 0, 0, 1>
1;108;(8,2);;<0, 0, 0, 0, 0>
1;109;(16,19);;<0, 0, 0, 0, 0>
1;110;(13,2);;<0, 0, 0, 0, 0>
1;111;(7,4);;<0, 0, 0, 0, 0>
1;112;(6,0);;<1, 0, 0, 0, 1>
1;114;(4,4);;<0, 0, 0, 0, 0>
1;115;(0,5);outputNeighborhood;<1, 0, 0, 0, 1>
1;115;(0,5);;<1, 0, 0, 0, 1>
1;116;(11,19);outputNeighborhood;<1, 0, 0, 0, 1>
1;116;(11,19);;<1, 0, 0, 0, 1>
1;118;(3,4);outputNeighborhood;<1, 0, 0, 0, 1>
1;118;(3,4);;<1, 0, 0, 0, 1>
1;120;(3,12);;<0, 0, 0, 0, 0>
1;121;(16,17);;<0, 0, 0, 0, 0>
1;123;(13,6);;<0, 0, 0, 0, 0>
1;124;(1,1);;<0, 0, 0, 0, 0>
1;126;(13,3);outputNeighborhood;<1, 0, 0, 0, 1>
1;126;(13,3);;<1, 0, 0, 0, 1>
1;127;(17,10);outputNeighborhood;<1, 0, 0, 0, 1>
1;127;(17,10);;<1, 0, 0, 0, 1>
1;129;(9,3);outputNeighborhood;<1, 0, 0, 0, 1>
1;129;(9,3);;<1, 0, 0, 0, 1>
1;130;(6,3);;<0, 0, 0, 0, 0>
1;132;(6,5);;<0, 0, 0, 0, 0>
1;136;(16,14);outputNeighborhood;<1, 0, 0, 0, 1>
1;136;(16,14);;<1, 0, 0, 0, 1>
1;137;(2,3);outputNeighborhood;<1, 0, 0, 0, 1>
1;137;(2,3);;<1, 0, 0, 0, 1>
1;140;(7,1);;<0, 0, 0, 0, 0>
1;141;(11,3);;<0, 0, 0, 0, 0>
1;142;(1,3);;<0, 0, 0, 0, 0>
1;145;(0,1);outputNeighborhood;<1, 0, 0, 0, 1>
1;145;(0,1);;<1, 0, 0, 0, 1>
1;147;(3,3);;<0, 0, 0, 0, 0>
1;148;(0,11);;<0, 0, 0, 0, 0>
1;150;(18,9);outputNeighborhood;<1, 0, 0, 0, 1>
1;150;(18,9);;<1, 0, 0, 0, 1>
1;151;(19,17);;<1, 0, 0, 0, 1>
1;152;(2,2);outputNeighborhood;<1, 0, 0, 0, 1>
1;152;(2,2);;<1, 0, 0, 0, 1>
1;153;(3,8);;<0, 0, 0, 0, 0>
1;154;(15,16);outputNeighborhood;<1, 0, 0, 0, 1>
1;154;(15,16);;<0, 0, 0, 0, 0>
1;155;(6,1);outputNeighborhood;<1, 0, 0, 0, 1>
1;155;(6,1);;<1, 0, 0, 0, 1>
1;157;(12,17);outputNeighborhood;<1, 0, 0, 0, 1>
1;157;(12,17);;<1, 0, 0, 0, 1>
1;159;(7,2);;<0, 0, 0, 0, 0>
1;160;(11,16);outputNeighborhood;<1, 0, 0, 0, 1>
1;160;(11,16);;<1, 0, 0, 0, 1>
1;162;(5,1);;<0, 0, 0, 0, 0>
1;163;(15,18);;<0, 0, 0, 0, 0>
1;164;(7,7);outputNeighborhood;<1, 0, 0, 0, 1>
1;164;(7,7);;<1, 0, 0, 0, 1>
1;166;(12,6);outputNeighborhood;<1, 0, 0, 0, 1>
1;166;(12,6);;<1, 0, 0, 0, 1>
1;167;(8,5);;<0, 0, 0, 0, 0>
1;168;(14,16);outputNeighborhood;<1, 0, 0, 0, 1>
1;168;(14,16);;<0, 0, 0, 0, 0>
1;169;(6,7);;<0, 0, 0, 0, 0>
1;170;(9,0);;<0, 0, 0, 0, 0>
1;171;(14,3);;<0, 0, 0, 0, 0>
1;172;(17,6);outputNeighborhood;<1, 0, 0, 0, 1>
1;172;(17,6);;<1, 0, 0, 0, 1>
1;173;(17,4);;<0, 0, 0, 0, 0>
1;174;(1,17);;<0, 0, 0, 0, 0>
1;175;(2,4);;<0, 0, 0, 0, 0>
1;176;(13,4);;<0, 0, 0, 0, 0>
1;177;(1,6);;<0, 0, 0, 0, 0>
1;179;(18,8);;<0, 0, 0, 0, 0>
1;180;(15,4);;<1, 0, 0, 0, 1>
1;182;(15,15);;<1, 0, 0, 0, 1>
1;184;(10,18);outputNeighborhood;<1, 0, 0, 0, 1>
1;184;(10,18);;<1, 0, 0, 0, 1>
1;186;(2,1);outputNeighborhood;<1, 0, 0, 0, 1>
1;186;(2,1);;<1, 0, 0, 0, 1>
1;188;(8,7);;<0, 0, 0, 0, 0>
1;190;(16,5);;<0, 0, 0, 0, 0>
1;192;(15,0);;<0, 0, 0, 0, 0>
1;193;(16,16);;<0, 0, 0, 0, 0>
1;194;(2,11);;<0, 0, 0, 0, 0>
1;196;(9,4);outputNeighborhood;<1, 0, 0, 0, 1>
1;196;(9,4);;<1, 0, 0, 0, 1>
1;198;(7,11);outputNeighborhood;<1, 0, 0, 0, 1>
1;198;(7,11);;<1, 0, 0, 0, 1>
1;199;(3,1);;<0, 0, 0, 0, 0>
1;202;(17,11);;<0, 0, 0, 0, 0>
1;203;(7,8);;<0, 0, 0, 0, 0>
1;205;(19,7);;<0, 0, 0, 0, 0>
1;206;(2,16);;<0, 0, 0, 0, 0>
1;207;(12,3);;<0, 0, 0, 0, 0>
1;208;(9,19);outputNeighborhood;<1, 0, 0, 0, 1>
1;208;(9,19);;<1, 0, 0, 0, 1>
1;209;(8,19);;<0, 0, 0, 0, 0>
1;210;(14,8);;<0, 0, 0, 0, 0>
1;211;(12,5);;<1, 0, 0, 0, 1>
1;212;(7,3);outputNeighborhood;<1, 0, 0, 0, 1>
1;212;(7,3);;<0, 0, 0, 0, 0>
1;213;(11,15);outputNeighborhood;<1, 0, 0, 0, 1>
1;213;(11,15);;<1, 0, 0, 0, 1>
1;215;(5,12);outputNeighborhood;<1, 0, 0, 0, 1>
1;215;(5,12);;<1, 0, 0, 0, 1>
1;216;(5,0);outputNeighborhood;<1, 0, 0, 0, 1>
1;216;(5,0);;<1, 0, 0, 0, 1>
1;218;(13,19);;<0, 0, 0, 0, 0>
1;220;(0,13);;<0, 0, 0, 0, 0>
1;222;(10,0);;<1, 0, 0, 0, 1>
1;224;(3,11);outputNeighborhood;<1, 0, 0, 0, 1>
1;224;(3,11);;<1, 0, 0, 0, 1>
1;226;(14,9);;<0, 0, 0, 0, 0>
1;228;(12,9);;<0, 0, 0, 0, 0>
1;229;(9,17);;<0, 0, 0, 0, 0>
1;230;(10,3);;<0, 0, 0, 0, 0>
1;231;(19,1);;<0, 0, 0, 0, 0>
1;232;(18,15);;<0, 0, 0, 0, 0>
1;233;(12,11);;<0, 0, 0, 0, 0>
1;235;(14,12);;<0, 0, 0, 0, 0>
1;236;(4,0);;<0, 0, 0, 0, 0>
1;237;(9,5);outputNeighborhood;<1, 0, 0, 0, 1>
1;237;(9,5);;<1, 0, 0, 0, 1>
1;239;(12,2);;<0, 0, 0, 0, 0>
1;240;(13,0);;<0, 0, 0, 0, 0>
1;241;(11,1);;<0, 0, 0, 0, 0>
1;244;(11,6);;<0, 0, 0, 0, 0>
1;246;(11,11);;<0, 0, 0, 0, 0>
1;247;(15,11);;<0, 0, 0, 0, 0>
1;249;(14,0);outputNeighborhood;<1, 0, 0, 0, 1>
1;249;(14,0);;<1, 0, 0, 0, 1>
1;250;(12,1);outputNeighborhood;<1, 0, 0, 0, 1>
1;250;(12,1);;<1, 0, 0, 0, 1>
1;251;(6,16);outputNeighborhood;<1, 0, 0, 0, 1>
1;251;(6,16);;<1, 0, 0, 0, 1>
1;254;(15,1);;<0, 0, 0, 0, 0>
1;256;(2,7);;<0, 0, 0, 0, 0>
1;257;(9,2);outputNeighborhood;<1, 0, 0, 0, 1>
1;257;(9,2);;<1, 0, 0, 0, 1>
1;258;(11,0);outputNeighborhood;<1, 0, 0, 0, 1>
1;258;(11,0);;<1, 0, 0, 0, 1>
1;259;(0,0);;<0, 0, 0, 0, 0>
1;260;(1,2);;<0, 0, 0, 0, 0>
1;262;(13,9);outputNeighborhood;<1, 0, 0, 0, 1>
1;262;(13,9);;<1, 0, 0, 0, 1>
1;265;(3,5);;<0, 0, 0, 0, 0>
1;266;(0,2);;<1, 0, 0, 0, 1>
1;267;(3,2);;<0, 0, 0, 0, 0>
1;268;(4,17);;<0, 0, 0, 0, 0>
1;269;(12,15);;<0, 0, 0, 0, 0>
1;270;(6,2);;<1, 0, 0, 0, 1>
1;271;(10,16);;<0, 0, 0, 0, 0>
1;273;(2,0);;<1, 0, 0, 0, 1>
1;274;(19,5);;<0, 0, 0, 0, 0>
1;275;(14,1);outputNeighborhood;<1, 0, 0, 0, 1>
1;275;(14,1);;<1, 0, 0, 0, 1>
1;276;(13,18);outputNeighborhood;<1, 0, 0, 0, 1>
1;276;(13,18);;<1, 0, 0, 0, 1>
1;280;(10,2);;<0, 0, 0, 0, 0>
1;281;(11,2);outputNeighborhood;<1, 0, 0, 0, 1>
1;281;(11,2);;<0, 0, 0, 0, 0>
1;282;(6,17);;<0, 0, 0, 0, 0>
1;283;(19,14);;<0, 0, 0, 0, 0>
1;285;(14,2);;<0, 0, 0, 0, 0>
1;286;(13,8);;<0, 0, 0, 0, 0>
1;287;(0,18);;<0, 0, 0, 0, 0>
1;288;(9,1);;<0, 0, 0, 0, 0>
1;290;(19,10);;<1, 0, 0, 0, 1>
1;292;(7,6);;<0, 0, 0, 0, 0>
1;294;(10,11);outputNeighborhood;<1, 0, 0, 0, 1>
1;294;(10,11);;<1, 0, 0, 0, 1>
1;296;(10,15);;<1, 0, 0, 0, 1>
1;297;(9,6);;<1, 0, 0, 0, 1>
1;298;(17,18);;<0, 0, 0, 0, 0>
1;300;(10,6);outputNeighborhood;<1, 0, 0, 0, 1>
1;300;(10,6);;<1, 0, 0, 0, 1>
1;302;(8,12);;<1, 0, 0, 0, 1>
1;303;(16,6);;<0, 0, 0, 0, 0>
1;304;(18,6);;<1, 0, 0, 0, 1>
1;306;(0,7);;<0, 0, 0, 0, 0>
1;307;(15,8);outputNeighborhood;<1, 0, 0, 0, 1>
1;307;(15,8);;<1, 0, 0, 0, 1>
1;308;(1,7);outputNeighborhood;<1, 0, 0, 0, 1>
1;308;(1,7);;<0, 0, 0, 0, 0>
1;309;(4,7);;<0, 0, 0, 0, 0>
1;311;(5,7);;<0, 0, 0, 0, 0>
1;314;(10,7);;<0, 0, 0, 0, 0>
1;315;(12,7);;<0, 0, 0, 0, 0>
1;317;(13,16);;<0, 0, 0, 0, 0>
1;318;(15,7);;<1, 0, 0, 0, 1>
1;319;(17,14);;<1, 0, 0, 0, 1>
1;320;(17,7);;<0, 0, 0, 0, 0>
1;321;(1,8);;<0, 0, 0, 0, 0>
1;323;(10,4);;<0, 0, 0, 0, 0>
1;324;(0,8);;<0, 0, 0, 0, 0>
1;326;(4,8);outputNeighborhood;<1, 0, 0, 0, 1>
1;326;(4,8);;<1, 0, 0, 0, 1>
1;327;(5,8);outputNeighborhood;<1, 0, 0, 0, 1>
1;327;(5,8);;<1, 0, 0, 0, 1>
1;329;(8,3);;<0, 0, 0, 0, 0>
1;330;(6,8);;<0, 0, 0, 0, 0>
1;331;(0,6);;<1, 0, 0, 0, 1>
1;341;(16,3);;<0, 0, 0, 0, 0>
1;343;(19,8);outputNeighborhood;<1, 0, 0, 0, 1>
1;343;(19,8);;<1, 0, 0, 0, 1>
1;344;(6,12);;<0, 0, 0, 0, 0>
1;346;(4,11);;<0, 0, 0, 0, 0>
1;348;(8,11);;<0, 0, 0, 0, 0>
1;351;(4,9);;<1, 0, 0, 0, 1>
1;352;(5,9);;<1, 0, 0, 0, 1>
1;353;(4,10);outputNeighborhood;<1, 0, 0, 0, 1>
1;353;(4,10);;<1, 0, 0, 0, 1>
1;354;(8,4);;<0, 0, 0, 0, 0>
1;356;(5,18);outputNeighborhood;<1, 0, 0, 0, 1>
1;356;(5,18);;<1, 0, 0, 0, 1>
1;357;(15,9);;<0, 0, 0, 0, 0>
1;358;(17,9);;<0, 0, 0, 0, 0>
1;359;(19,9);;<0, 0, 0, 0, 0>
1;361;(13,17);;<0, 0, 0, 0, 0>
1;362;(1,14);;<0, 0, 0, 0, 0>
1;364;(3,10);;<0, 0, 0, 0, 0>
1;365;(5,10);;<0, 0, 0, 0, 0>
1;367;(19,11);outputNeighborhood;<1, 0, 0, 0, 1>
1;367;(19,11);;<1, 0, 0, 0, 1>
1;368;(15,14);;<0, 0, 0, 0, 0>
1;369;(7,10);;<0, 0, 0, 0, 0>
1;371;(9,11);outputNeighborhood;<1, 0, 0, 0, 1>
1;371;(9,11);;<1, 0, 0, 0, 1>
1;372;(10,10);;<1, 0, 0, 0, 1>
1;374;(16,12);;<0, 0, 0, 0, 0>
1;375;(13,10);;<0, 0, 0, 0, 0>
1;376;(7,12);;<0, 0, 0, 0, 0>
1;377;(18,18);;<0, 0, 0, 0, 0>
1;379;(16,10);;<0, 0, 0, 0, 0>
1;380;(0,4);;<0, 0, 0, 0, 0>
1;382;(12,19);outputNeighborhood;<1, 0, 0, 0, 1>
1;382;(12,19);;<1, 0, 0, 0, 1>
1;383;(18,10);;<0, 0, 0, 0, 0>
1;384;(9,12);outputNeighborhood;<1, 0, 0, 0, 1>
1;384;(9,12);;<1, 0, 0, 0, 1>
1;385;(5,11);;<0, 0, 0, 0, 0>
1;389;(6,11);;<0, 0, 0, 0, 0>
1;390;(1,5);;<0, 0, 0, 0, 0>
1;393;(18,11);outputNeighborhood;<1, 0, 0, 0, 1>
1;393;(18,11);;<1, 0, 0, 0, 1>
1;394;(13,1);;<0, 0, 0, 0, 0>
1;395;(16,8);;<0, 0, 0, 0, 0>
1;396;(10,12);;<0, 0, 0, 0, 0>
1;398;(11,12);;<0, 0, 0, 0, 0>
1;399;(12,12);outputNeighborhood;<1, 0, 0, 0, 1>
1;399;(12,12);;<1, 0, 0, 0, 1>
1;400;(15,12);outputNeighborhood;<1, 0, 0, 0, 1>
1;400;(15,12);;<0, 0, 0, 0, 0>
2;4;(15,19);outputNeighborhood;<0, 0, 0, 0, 0>
2;4;(15,19);;<0, 0, 0, 0, 0>
2;5;(14,19);;<0, 0, 0, 0, 0>
2;6;(6,19);;<1, 0, 0, 0, 1>
2;7;(5,19);outputNeighborhood;<1, 0, 0, 0, 1>
2;7;(5,19);;<1, 0, 0, 0, 1>
2;8;(2,19);;<1, 0, 0, 0, 1>
2;10;(19,18);;<1, 0, 0, 0, 1>
2;12;(12,18);outputNeighborhood;<1, 0, 0, 0, 1>
2;12;(12,18);;<1, 0, 0, 0, 1>
2;13;(11,18);;<0, 0, 0, 0, 0>
2;14;(8,18);;<1, 0, 0, 0, 1>
2;15;(6,18);;<0, 0, 0, 0, 0>
2;17;(3,18);;<1, 0, 0, 0, 1>
2;18;(2,18);outputNeighborhood;<1, 0, 0, 0, 1>
2;18;(2,18);;<0, 0, 0, 0, 0>
2;19;(18,17);;<1, 0, 0, 0, 1>
2;21;(15,17);;<1, 0, 0, 0, 1>
2;22;(14,17);;<0, 0, 0, 0, 0>
2;25;(7,17);;<0, 0, 0, 0, 0>
2;27;(3,17);outputNeighborhood;<1, 0, 0, 0, 1>
2;27;(3,17);;<1, 0, 0, 0, 1>
2;28;(2,17);;<0, 0, 0, 0, 0>
2;29;(0,17);;<0, 0, 0, 0, 0>
2;30;(19,16);;<0, 0, 0, 0, 0>
2;34;(7,18);outputNeighborhood;<1, 0, 0, 0, 1>
2;34;(7,18);;<1, 0, 0, 0, 1>
2;42;(16,15);;<1, 0, 0, 0, 1>
2;43;(14,15);;<0, 0, 0, 0, 0>
2;45;(9,15);;<0, 0, 0, 0, 0>
2;47;(5,15);;<1, 0, 0, 0, 1>
2;55;(10,14);;<0, 0, 0, 0, 0>
2;57;(6,14);;<0, 0, 0, 0, 0>
2;58;(5,14);outputNeighborhood;<1, 0, 0, 0, 1>
2;58;(5,14);;<0, 0, 0, 0, 0>
2;59;(4,14);;<1, 0, 0, 0, 1>
2;64;(18,13);;<0, 0, 0, 0, 0>
2;65;(16,13);;<0, 0, 0, 0, 0>
2;66;(15,13);outputNeighborhood;<0, 0, 0, 0, 0>
2;66;(15,13);;<0, 0, 0, 0, 0>
2;67;(14,13);;<0, 0, 0, 0, 0>
2;72;(8,13);;<0, 0, 0, 0, 0>
2;74;(5,13);;<0, 0, 0, 0, 0>
2;76;(4,13);outputNeighborhood;<1, 0, 0, 0, 1>
2;76;(4,13);;<1, 0, 0, 0, 1>
2;77;(3,13);;<0, 0, 0, 0, 0>
2;78;(2,13);;<0, 0, 0, 0, 0>
2;79;(1,13);outputNeighborhood;<0, 0, 0, 0, 0>
2;79;(1,13);;<0, 0, 0, 0, 0>
2;83;(10,19);;<1, 0, 0, 0, 1>
2;86;(18,5);;<1, 0, 0, 0, 1>
2;89;(15,5);;<0, 0, 0, 0, 0>
2;94;(5,4);;<0, 0, 0, 0, 0>
2;95;(4,12);;<0, 0, 0, 0, 0>
2;96;(18,14);outputNeighborhood;<0, 0, 0, 0, 0>
2;96;(18,14);;<0, 0, 0, 0, 0>
2;97;(1,12);;<0, 0, 0, 0, 0>
2;99;(9,10);;<0, 0, 0, 0, 0>
2;102;(6,4);outputNeighborhood;<0, 0, 0, 0, 0>
2;102;(6,4);;<0, 0, 0, 0, 0>
2;105;(1,18);;<0, 0, 0, 0, 0>
2;106;(10,9);;<0, 0, 0, 0, 0>
2;107;(16,4);;<0, 0, 0, 0, 0>
2;109;(16,19);;<0, 0, 0, 0, 0>
2;111;(7,4);;<1, 0, 0, 0, 1>
2;112;(6,0);outputNeighborhood;<1, 0, 0, 0, 1>
2;112;(6,0);;<1, 0, 0, 0, 1>
2;115;(0,5);;<1, 0, 0, 0, 1>
2;117;(14,7);;<0, 0, 0, 0, 0>
2;125;(4,19);;<1, 0, 0, 0, 1>
2;128;(15,3);;<0, 0, 0, 0, 0>
2;130;(6,3);;<0, 0, 0, 0, 0>
2;132;(6,5);;<0, 0, 0, 0, 0>
2;135;(0,10);;<0, 0, 0, 0, 0>
2;136;(16,14);;<1, 0, 0, 0, 1>
2;139;(13,5);;<0, 0, 0, 0, 0>
2;141;(11,3);;<0, 0, 0, 0, 0>
2;144;(0,3);;<0, 0, 0, 0, 0>
2;145;(0,1);;<1, 0, 0, 0, 1>
2;151;(19,17);outputNeighborhood;<1, 0, 0, 0, 1>
2;151;(19,17);;<1, 0, 0, 0, 1>
2;154;(15,16);outputNeighborhood;<0, 0, 0, 0, 0>
2;154;(15,16);;<0, 0, 0, 0, 0>
2;155;(6,1);;<1, 0, 0, 0, 1>
2;157;(12,17);;<1, 0, 0, 0, 1>
2;159;(7,2);;<0, 0, 0, 0, 0>
2;163;(15,18);;<0, 0, 0, 0, 0>
2;166;(12,6);;<1, 0, 0, 0, 1>
2;168;(14,16);outputNeighborhood;<0, 0, 0, 0, 0>
2;168;(14,16);;<0, 0, 0, 0, 0>
2;170;(9,0);;<1, 0, 0, 0, 1>
2;172;(17,6);;<1, 0, 0, 0, 1>
2;177;(1,6);;<1, 0, 0, 0, 1>
2;180;(15,4);outputNeighborhood;<1, 0, 0, 0, 1>
2;180;(15,4);;<1, 0, 0, 0, 1>
2;182;(15,15);outputNeighborhood;<1, 0, 0, 0, 1>
2;182;(15,15);;<1, 0, 0, 0, 1>
2;186;(2,1);;<1, 0, 0, 0, 1>
2;187;(1,0);;<0, 0, 0, 0, 0>
2;191;(18,7);;<0, 0, 0, 0, 0>
2;192;(15,0);;<0, 0, 0, 0, 0>
2;193;(16,16);;<0, 0, 0, 0, 0>
2;201;(5,2);;<0, 0, 0, 0, 0>
2;204;(7,0);;<0, 0, 0, 0, 0>
2;211;(12,5);outputNeighborhood;<1, 0, 0, 0, 1>
2;211;(12,5);;<1, 0, 0, 0, 1>
2;212;(7,3);outputNeighborhood;<0, 0, 0, 0, 0>
2;212;(7,3);;<0, 0, 0, 0, 0>
2;213;(11,15);;<0, 0, 0, 0, 0>
2;216;(5,0);;<0, 0, 0, 0, 0>
2;219;(3,16);;<0, 0, 0, 0, 0>
2;220;(0,13);;<0, 0, 0, 0, 0>
2;221;(19,2);;<0, 0, 0, 0, 0>
2;222;(10,0);outputNeighborhood;<1, 0, 0, 0, 1>
2;222;(10,0);;<1, 0, 0, 0, 1>
2;232;(18,15);;<0, 0, 0, 0, 0>
2;234;(17,13);;<0, 0, 0, 0, 0>
2;235;(14,12);;<0, 0, 0, 0, 0>
2;237;(9,5);;<1, 0, 0, 0, 1>
2;239;(12,2);;<0, 0, 0, 0, 0>
2;241;(11,1);;<0, 0, 0, 0, 0>
2;242;(10,1);;<0, 0, 0, 0, 0>
2;243;(15,6);;<0, 0, 0, 0, 0>
2;247;(15,11);;<0, 0, 0, 0, 0>
2;256;(2,7);;<0, 0, 0, 0, 0>
2;258;(11,0);;<1, 0, 0, 0, 1>
2;260;(1,2);;<0, 0, 0, 0, 0>
2;264;(3,0);;<1, 0, 0, 0, 1>
2;266;(0,2);outputNeighborhood;<1, 0, 0, 0, 1>
2;266;(0,2);;<0, 0, 0, 0, 0>
2;268;(4,17);;<0, 0, 0, 0, 0>
2;270;(6,2);outputNeighborhood;<1, 0, 0, 0, 1>
2;270;(6,2);;<1, 0, 0, 0, 1>
2;271;(10,16);;<0, 0, 0, 0, 0>
2;273;(2,0);outputNeighborhood;<1, 0, 0, 0, 1>
2;273;(2,0);;<1, 0, 0, 0, 1>
2;276;(13,18);;<1, 0, 0, 0, 1>
2;278;(16,7);;<0, 0, 0, 0, 0>
2;280;(10,2);;<0, 0, 0, 0, 0>
2;281;(11,2);outputNeighborhood;<0, 0, 0, 0, 0>
2;281;(11,2);;<0, 0, 0, 0, 0>
2;283;(19,14);;<0, 0, 0, 0, 0>
2;284;(14,4);;<0, 0, 0, 0, 0>
2;290;(19,10);outputNeighborhood;<1, 0, 0, 0, 1>
2;290;(19,10);;<0, 0, 0, 0, 0>
2;291;(7,19);;<0, 0, 0, 0, 0>
2;294;(10,11);;<1, 0, 0, 0, 1>
2;295;(8,6);;<0, 0, 0, 0, 0>
2;296;(10,15);outputNeighborhood;<1, 0, 0, 0, 1>
2;296;(10,15);;<1, 0, 0, 0, 1>
2;297;(9,6);outputNeighborhood;<1, 0, 0, 0, 1>
2;297;(9,6);;<1, 0, 0, 0, 1>
2;300;(10,6);;<1, 0, 0, 0, 1>
2;302;(8,12);outputNeighborhood;<1, 0, 0, 0, 1>
2;302;(8,12);;<1, 0, 0, 0, 1>
2;304;(18,6);outputNeighborhood;<1, 0, 0, 0, 1>
2;304;(18,6);;<1, 0, 0, 0, 1>
2;306;(0,7);;<0, 0, 0, 0, 0>
2;307;(15,8);;<1, 0, 0, 0, 1>
2;308;(1,7);outputNeighborhood;<0, 0, 0, 0, 0>
2;308;(1,7);;<0, 0, 0, 0, 0>
2;312;(12,4);;<0, 0, 0, 0, 0>
2;313;(9,7);;<1, 0, 0, 0, 1>
2;317;(13,16);;<0, 0, 0, 0, 0>
2;318;(15,7);outputNeighborhood;<1, 0, 0, 0, 1>
2;318;(15,7);;<1, 0, 0, 0, 1>
2;319;(17,14);outputNeighborhood;<1, 0, 0, 0, 1>
2;319;(17,14);;<1, 0, 0, 0, 1>
2;321;(1,8);;<0, 0, 0, 0, 0>
2;326;(4,8);;<0, 0, 0, 0, 0>
2;327;(5,8);;<1, 0, 0, 0, 1>
2;329;(8,3);;<0, 0, 0, 0, 0>
2;331;(0,6);outputNeighborhood;<1, 0, 0, 0, 1>
2;331;(0,6);;<1, 0, 0, 0, 1>
2;332;(19,6);;<0, 0, 0, 0, 0>
2;335;(6,9);;<0, 0, 0, 0, 0>
2;338;(17,15);;<0, 0, 0, 0, 0>
2;340;(11,10);;<1, 0, 0, 0, 1>
2;348;(8,11);;<0, 0, 0, 0, 0>
2;350;(3,9);;<0, 0, 0, 0, 0>
2;351;(4,9);outputNeighborhood;<1, 0, 0, 0, 1>
2;351;(4,9);;<1, 0, 0, 0, 1>
2;352;(5,9);outputNeighborhood;<1, 0, 0, 0, 1>
2;352;(5,9);;<1, 0, 0, 0, 1>
2;353;(4,10);;<1, 0, 0, 0, 1>
2;356;(5,18);;<1, 0, 0, 0, 1>
2;359;(19,9);;<0, 0, 0, 0, 0>
2;362;(1,14);;<0, 0, 0, 0, 0>
2;365;(5,10);;<0, 0, 0, 0, 0>
2;367;(19,11);;<1, 0, 0, 0, 1>
2;368;(15,14);;<0, 0, 0, 0, 0>
2;372;(10,10);outputNeighborhood;<1, 0, 0, 0, 1>
2;372;(10,10);;<1, 0, 0, 0, 1>
2;374;(16,12);;<0, 0, 0, 0, 0>
2;376;(7,12);;<1, 0, 0, 0, 1>
2;382;(12,19);;<1, 0, 0, 0, 1>
2;383;(18,10);;<1, 0, 0, 0, 1>
2;384;(9,12);;<1, 0, 0, 0, 1>
2;387;(11,5);;<1, 0, 0, 0, 1>
2;400;(15,12);outputNeighborhood;<0, 0, 0, 0, 0>
2;400;(15,12);;<0, 0, 0, 0, 0>
3;6;(6,19);outputNeighborhood;<1, 0, 0, 0, 1>
3;6;(6,19);;<1, 0, 0, 0, 1>
3;7;(5,19);;<0, 0, 0, 0, 0>
3;8;(2,19);outputNeighborhood;<1, 0, 0, 0, 1>
3;8;(2,19);;<1, 0, 0, 0, 1>
3;14;(8,18);outputNeighborhood;<1, 0, 0, 0, 1>
3;14;(8,18);;<1, 0, 0, 0, 1>
3;15;(6,18);;<0, 0, 0, 0, 0>
3;16;(4,18);;<0, 0, 0, 0, 0>
3;17;(3,18);outputNeighborhood;<1, 0, 0, 0, 1>
3;17;(3,18);;<1, 0, 0, 0, 1>
3;18;(2,18);outputNeighborhood;<0, 0, 0, 0, 0>
3;18;(2,18);;<0, 0, 0, 0, 0>
3;19;(18,17);outputNeighborhood;<1, 0, 0, 0, 1>
3;19;(18,17);;<1, 0, 0, 0, 1>
3;20;(17,17);;<0, 0, 0, 0, 0>
3;21;(15,17);outputNeighborhood;<1, 0, 0, 0, 1>
3;21;(15,17);;<1, 0, 0, 0, 1>
3;22;(14,17);;<0, 0, 0, 0, 0>
3;25;(7,17);outputNeighborhood;<0, 0, 0, 0, 0>
3;25;(7,17);;<0, 0, 0, 0, 0>
3;27;(3,17);;<1, 0, 0, 0, 1>
3;28;(2,17);outputNeighborhood;<0, 0, 0, 0, 0>
3;28;(2,17);;<1, 0, 0, 0, 1>
3;30;(19,16);outputNeighborhood;<0, 0, 0, 0, 0>
3;30;(19,16);;<0, 0, 0, 0, 0>
3;31;(18,16);;<0, 0, 0, 0, 0>
3;34;(7,18);;<1, 0, 0, 0, 1>
3;36;(7,16);;<0, 0, 0, 0, 0>
3;40;(0,16);;<0, 0, 0, 0, 0>
3;41;(19,15);;<0, 0, 0, 0, 0>
3;42;(16,15);outputNeighborhood;<1, 0, 0, 0, 1>
3;42;(16,15);;<1, 0, 0, 0, 1>
3;47;(5,15);;<0, 0, 0, 0, 0>
3;54;(11,14);;<0, 0, 0, 0, 0>
3;57;(6,14);;<0, 0, 0, 0, 0>
3;58;(5,14);outputNeighborhood;<0, 0, 0, 0, 0>
3;58;(5,14);;<0, 0, 0, 0, 0>
3;59;(4,14);;<1, 0, 0, 0, 1>
3;63;(8,17);;<0, 0, 0, 0, 0>
3;73;(7,13);;<1, 0, 0, 0, 1>
3;74;(5,13);;<1, 0, 0, 0, 1>
3;83;(10,19);outputNeighborhood;<1, 0, 0, 0, 1>
3;83;(10,19);;<1, 0, 0, 0, 1>
3;86;(18,5);outputNeighborhood;<1, 0, 0, 0, 1>
3;86;(18,5);;<1, 0, 0, 0, 1>
3;87;(17,5);;<0, 0, 0, 0, 0>
3;91;(10,5);;<0, 0, 0, 0, 0>
3;92;(7,5);;<0, 0, 0, 0, 0>
3;102;(6,4);;<0, 0, 0, 0, 0>
3;103;(18,4);;<0, 0, 0, 0, 0>
3;104;(9,18);;<0, 0, 0, 0, 0>
3;105;(1,18);;<0, 0, 0, 0, 0>
3;107;(16,4);outputNeighborhood;<0, 0, 0, 0, 0>
3;107;(16,4);;<0, 0, 0, 0, 0>
3;111;(7,4);outputNeighborhood;<1, 0, 0, 0, 1>
3;111;(7,4);;<1, 0, 0, 0, 1>
3;112;(6,0);;<1, 0, 0, 0, 1>
3;116;(11,19);;<0, 0, 0, 0, 0>
3;121;(16,17);;<1, 0, 0, 0, 1>
3;125;(4,19);outputNeighborhood;<1, 0, 0, 0, 1>
3;125;(4,19);;<1, 0, 0, 0, 1>
3;127;(17,10);;<1, 0, 0, 0, 1>
3;135;(0,10);;<0, 0, 0, 0, 0>
3;136;(16,14);;<1, 0, 0, 0, 1>
3;144;(0,3);;<0, 0, 0, 0, 0>
3;145;(0,1);;<1, 0, 0, 0, 1>
3;150;(18,9);;<1, 0, 0, 0, 1>
3;151;(19,17);;<1, 0, 0, 0, 1>
3;153;(3,8);;<0, 0, 0, 0, 0>
3;154;(15,16);;<0, 0, 0, 0, 0>
3;160;(11,16);;<1, 0, 0, 0, 1>
3;162;(5,1);;<0, 0, 0, 0, 0>
3;163;(15,18);;<0, 0, 0, 0, 0>
3;170;(9,0);outputNeighborhood;<1, 0, 0, 0, 1>
3;170;(9,0);;<1, 0, 0, 0, 1>
3;173;(17,4);;<0, 0, 0, 0, 0>
3;174;(1,17);;<0, 0, 0, 0, 0>
3;177;(1,6);outputNeighborhood;<1, 0, 0, 0, 1>
3;177;(1,6);;<1, 0, 0, 0, 1>
3;180;(15,4);;<1, 0, 0, 0, 1>
3;181;(1,19);;<0, 0, 0, 0, 0>
3;182;(15,15);;<0, 0, 0, 0, 0>
3;184;(10,18);;<0, 0, 0, 0, 0>
3;188;(8,7);;<0, 0, 0, 0, 0>
3;190;(16,5);;<0, 0, 0, 0, 0>
3;193;(16,16);;<0, 0, 0, 0, 0>
3;198;(7,11);;<1, 0, 0, 0, 1>
3;199;(3,1);;<0, 0, 0, 0, 0>
3;206;(2,16);;<0, 0, 0, 0, 0>
3;208;(9,19);;<1, 0, 0, 0, 1>
3;209;(8,19);;<0, 0, 0, 0, 0>
3;211;(12,5);;<1, 0, 0, 0, 1>
3;212;(7,3);;<0, 0, 0, 0, 0>
3;213;(11,15);outputNeighborhood;<0, 0, 0, 0, 0>
3;213;(11,15);;<0, 0, 0, 0, 0>
3;216;(5,0);outputNeighborhood;<0, 0, 0, 0, 0>
3;216;(5,0);;<1, 0, 0, 0, 1>
3;221;(19,2);;<0, 0, 0, 0, 0>
3;222;(10,0);;<1, 0, 0, 0, 1>
3;225;(8,0);;<0, 0, 0, 0, 0>
3;227;(11,4);;<1, 0, 0, 0, 1>
3;236;(4,0);;<0, 0, 0, 0, 0>
3;244;(11,6);;<0, 0, 0, 0, 0>
3;245;(2,6);;<0, 0, 0, 0, 0>
3;246;(11,11);;<0, 0, 0, 0, 0>
3;260;(1,2);;<1, 0, 0, 0, 1>
3;264;(3,0);outputNeighborhood;<1, 0, 0, 0, 1>
3;264;(3,0);;<1, 0, 0, 0, 1>
3;266;(0,2);outputNeighborhood;<0, 0, 0, 0, 0>
3;266;(0,2);;<0, 0, 0, 0, 0>
3;269;(12,15);;<0, 0, 0, 0, 0>
3;273;(2,0);;<1, 0, 0, 0, 1>
3;274;(19,5);;<0, 0, 0, 0, 0>
3;282;(6,17);;<0, 0, 0, 0, 0>
3;288;(9,1);;<0, 0, 0, 0, 0>
3;290;(19,10);outputNeighborhood;<0, 0, 0, 0, 0>
3;290;(19,10);;<0, 0, 0, 0, 0>
3;291;(7,19);;<0, 0, 0, 0, 0>
3;296;(10,15);;<1, 0, 0, 0, 1>
3;297;(9,6);;<1, 0, 0, 0, 1>
3;302;(8,12);;<1, 0, 0, 0, 1>
3;304;(18,6);;<1, 0, 0, 0, 1>
3;308;(1,7);;<0, 0, 0, 0, 0>
3;309;(4,7);;<0, 0, 0, 0, 0>
3;313;(9,7);outputNeighborhood;<1, 0, 0, 0, 1>
3;313;(9,7);;<1, 0, 0, 0, 1>
3;314;(10,7);;<0, 0, 0, 0, 0>
3;322;(9,8);;<0, 0, 0, 0, 0>
3;325;(3,19);;<1, 0, 0, 0, 1>
3;326;(4,8);outputNeighborhood;<0, 0, 0, 0, 0>
3;326;(4,8);;<0, 0, 0, 0, 0>
3;327;(5,8);;<1, 0, 0, 0, 1>
3;331;(0,6);;<1, 0, 0, 0, 1>
3;338;(17,15);;<0, 0, 0, 0, 0>
3;340;(11,10);outputNeighborhood;<1, 0, 0, 0, 1>
3;340;(11,10);;<1, 0, 0, 0, 1>
3;341;(16,3);;<0, 0, 0, 0, 0>
3;342;(11,9);;<0, 0, 0, 0, 0>
3;344;(6,12);;<1, 0, 0, 0, 1>
3;351;(4,9);;<1, 0, 0, 0, 1>
3;354;(8,4);;<1, 0, 0, 0, 1>
3;359;(19,9);;<0, 0, 0, 0, 0>
3;367;(19,11);;<0, 0, 0, 0, 0>
3;372;(10,10);;<0, 0, 0, 0, 0>
3;373;(12,10);;<0, 0, 0, 0, 0>
3;376;(7,12);outputNeighborhood;<1, 0, 0, 0, 1>
3;376;(7,12);;<1, 0, 0, 0, 1>
3;377;(18,18);;<0, 0, 0, 0, 0>
3;383;(18,10);outputNeighborhood;<1, 0, 0, 0, 1>
3;383;(18,10);;<1, 0, 0, 0, 1>
3;387;(11,5);outputNeighborhood;<1, 0, 0, 0, 1>
3;387;(11,5);;<1, 0, 0, 0, 1>
3;390;(1,5);;<0, 0, 0, 0, 0>
3;393;(18,11);;<1, 0, 0, 0, 1>
4;6;(6,19);;<1, 0, 0, 0, 1>
4;7;(5,19);outputNeighborhood;<0, 0, 0, 0, 0>
4;7;(5,19);;<1, 0, 0, 0, 1>
4;8;(2,19);;<1, 0, 0, 0, 1>
4;13;(11,18);;<0, 0, 0, 0, 0>
4;17;(3,18);;<1, 0, 0, 0, 1>
4;18;(2,18);;<0, 0, 0, 0, 0>
4;19;(18,17);;<1, 0, 0, 0, 1>
4;20;(17,17);outputNeighborhood;<0, 0, 0, 0, 0>
4;20;(17,17);;<0, 0, 0, 0, 0>
4;21;(15,17);;<1, 0, 0, 0, 1>
4;24;(10,17);;<1, 0, 0, 0, 1>
4;27;(3,17);;<1, 0, 0, 0, 1>
4;28;(2,17);outputNeighborhood;<1, 0, 0, 0, 1>
4;28;(2,17);;<0, 0, 0, 0, 0>
4;32;(17,16);;<0, 0, 0, 0, 0>
4;37;(5,16);;<0, 0, 0, 0, 0>
4;42;(16,15);;<1, 0, 0, 0, 1>
4;43;(14,15);;<1, 0, 0, 0, 1>
4;46;(6,15);;<0, 0, 0, 0, 0>
4;47;(5,15);outputNeighborhood;<0, 0, 0, 0, 0>
4;47;(5,15);;<0, 0, 0, 0, 0>
4;48;(4,15);;<0, 0, 0, 0, 0>
4;58;(5,14);;<0, 0, 0, 0, 0>
4;72;(8,13);;<0, 0, 0, 0, 0>
4;73;(7,13);outputNeighborhood;<1, 0, 0, 0, 1>
4;73;(7,13);;<1, 0, 0, 0, 1>
4;74;(5,13);outputNeighborhood;<1, 0, 0, 0, 1>
4;74;(5,13);;<1, 0, 0, 0, 1>
4;76;(4,13);;<1, 0, 0, 0, 1>
4;80;(19,12);;<0, 0, 0, 0, 0>
4;83;(10,19);;<1, 0, 0, 0, 1>
4;99;(9,10);;<1, 0, 0, 0, 1>
4;104;(9,18);;<1, 0, 0, 0, 1>
4;106;(10,9);;<0, 0, 0, 0, 0>
4;111;(7,4);;<1, 0, 0, 0, 1>
4;112;(6,0);;<1, 0, 0, 0, 1>
4;116;(11,19);outputNeighborhood;<0, 0, 0, 0, 0>
4;116;(11,19);;<0, 0, 0, 0, 0>
4;121;(16,17);outputNeighborhood;<1, 0, 0, 0, 1>
4;121;(16,17);;<1, 0, 0, 0, 1>
4;124;(1,1);;<0, 0, 0, 0, 0>
4;125;(4,19);;<1, 0, 0, 0, 1>
4;141;(11,3);;<0, 0, 0, 0, 0>
4;142;(1,3);;<0, 0, 0, 0, 0>
4;143;(6,13);;<1, 0, 0, 0, 1>
4;148;(0,11);;<0, 0, 0, 0, 0>
4;152;(2,2);;<1, 0, 0, 0, 1>
4;154;(15,16);;<0, 0, 0, 0, 0>
4;162;(5,1);;<0, 0, 0, 0, 0>
4;167;(8,5);;<0, 0, 0, 0, 0>
4;174;(1,17);;<0, 0, 0, 0, 0>
4;182;(15,15);outputNeighborhood;<0, 0, 0, 0, 0>
4;182;(15,15);;<0, 0, 0, 0, 0>
4;184;(10,18);outputNeighborhood;<0, 0, 0, 0, 0>
4;184;(10,18);;<0, 0, 0, 0, 0>
4;193;(16,16);;<0, 0, 0, 0, 0>
4;196;(9,4);;<0, 0, 0, 0, 0>
4;206;(2,16);;<0, 0, 0, 0, 0>
4;215;(5,12);;<1, 0, 0, 0, 1>
4;216;(5,0);outputNeighborhood;<1, 0, 0, 0, 1>
4;216;(5,0);;<1, 0, 0, 0, 1>
4;227;(11,4);outputNeighborhood;<1, 0, 0, 0, 1>
4;227;(11,4);;<0, 0, 0, 0, 0>
4;236;(4,0);;<0, 0, 0, 0, 0>
4;258;(11,0);;<1, 0, 0, 0, 1>
4;260;(1,2);outputNeighborhood;<1, 0, 0, 0, 1>
4;260;(1,2);;<1, 0, 0, 0, 1>
4;264;(3,0);;<1, 0, 0, 0, 1>
4;266;(0,2);;<0, 0, 0, 0, 0>
4;277;(7,14);;<0, 0, 0, 0, 0>
4;290;(19,10);;<0, 0, 0, 0, 0>
4;294;(10,11);;<0, 0, 0, 0, 0>
4;298;(17,18);;<1, 0, 0, 0, 1>
4;312;(12,4);;<0, 0, 0, 0, 0>
4;323;(10,4);;<0, 0, 0, 0, 0>
4;325;(3,19);outputNeighborhood;<1, 0, 0, 0, 1>
4;325;(3,19);;<1, 0, 0, 0, 1>
4;329;(8,3);;<0, 0, 0, 0, 0>
4;334;(16,18);;<0, 0, 0, 0, 0>
4;340;(11,10);;<1, 0, 0, 0, 1>
4;344;(6,12);outputNeighborhood;<1, 0, 0, 0, 1>
4;344;(6,12);;<0, 0, 0, 0, 0>
4;354;(8,4);outputNeighborhood;<1, 0, 0, 0, 1>
4;354;(8,4);;<1, 0, 0, 0, 1>
4;356;(5,18);;<1, 0, 0, 0, 1>
4;367;(19,11);outputNeighborhood;<0, 0, 0, 0, 0>
4;367;(19,11);;<0, 0, 0, 0, 0>
4;368;(15,14);;<0, 0, 0, 0, 0>
4;372;(10,10);outputNeighborhood;<0, 0, 0, 0, 0>
4;372;(10,10);;<0, 0, 0, 0, 0>
4;376;(7,12);;<1, 0, 0, 0, 1>
4;382;(12,19);;<1, 0, 0, 0, 1>
4;387;(11,5);;<1, 0, 0, 0, 1>
4;389;(6,11);;<0, 0, 0, 0, 0>
4;393;(18,11);;<1, 0, 0, 0, 1>
5;3;(17,19);;<0, 0, 0, 0, 0>
5;6;(6,19);;<1, 0, 0, 0, 1>
5;7;(5,19);outputNeighborhood;<1, 0, 0, 0, 1>
5;7;(5,19);;<1, 0, 0, 0, 1>
5;14;(8,18);;<1, 0, 0, 0, 1>
5;18;(2,18);;<0, 0, 0, 0, 0>
5;20;(17,17);;<0, 0, 0, 0, 0>
5;27;(3,17);;<0, 0, 0, 0, 0>
5;28;(2,17);outputNeighborhood;<0, 0, 0, 0, 0>
5;28;(2,17);;<0, 0, 0, 0, 0>
5;43;(14,15);outputNeighborhood;<1, 0, 0, 0, 1>
5;43;(14,15);;<1, 0, 0, 0, 1>
5;44;(13,15);;<0, 0, 0, 0, 0>
5;52;(14,14);;<1, 0, 0, 0, 1>
5;57;(6,14);;<0, 0, 0, 0, 0>
5;73;(7,13);;<1, 0, 0, 0, 1>
5;74;(5,13);;<1, 0, 0, 0, 1>
5;99;(9,10);outputNeighborhood;<1, 0, 0, 0, 1>
5;99;(9,10);;<0, 0, 0, 0, 0>
5;104;(9,18);outputNeighborhood;<1, 0, 0, 0, 1>
5;104;(9,18);;<1, 0, 0, 0, 1>
5;125;(4,19);;<1, 0, 0, 0, 1>
5;129;(9,3);;<1, 0, 0, 0, 1>
5;141;(11,3);;<0, 0, 0, 0, 0>
5;143;(6,13);outputNeighborhood;<1, 0, 0, 0, 1>
5;143;(6,13);;<1, 0, 0, 0, 1>
5;156;(9,9);;<0, 0, 0, 0, 0>
5;168;(14,16);;<0, 0, 0, 0, 0>
5;174;(1,17);;<1, 0, 0, 0, 1>
5;182;(15,15);;<1, 0, 0, 0, 1>
5;184;(10,18);;<0, 0, 0, 0, 0>
5;196;(9,4);outputNeighborhood;<0, 0, 0, 0, 0>
5;196;(9,4);;<0, 0, 0, 0, 0>
5;206;(2,16);;<0, 0, 0, 0, 0>
5;208;(9,19);;<1, 0, 0, 0, 1>
5;215;(5,12);;<1, 0, 0, 0, 1>
5;216;(5,0);;<1, 0, 0, 0, 1>
5;227;(11,4);outputNeighborhood;<0, 0, 0, 0, 0>
5;227;(11,4);;<1, 0, 0, 0, 1>
5;229;(9,17);;<0, 0, 0, 0, 0>
5;237;(9,5);;<1, 0, 0, 0, 1>
5;246;(11,11);;<0, 0, 0, 0, 0>
5;294;(10,11);outputNeighborhood;<0, 0, 0, 0, 0>
5;294;(10,11);;<0, 0, 0, 0, 0>
5;298;(17,18);outputNeighborhood;<1, 0, 0, 0, 1>
5;298;(17,18);;<1, 0, 0, 0, 1>
5;312;(12,4);;<1, 0, 0, 0, 1>
5;323;(10,4);;<0, 0, 0, 0, 0>
5;334;(16,18);;<1, 0, 0, 0, 1>
5;344;(6,12);outputNeighborhood;<0, 0, 0, 0, 0>
5;344;(6,12);;<0, 0, 0, 0, 0>
5;354;(8,4);;<1, 0, 0, 0, 1>
5;356;(5,18);;<0, 0, 0, 0, 0>
5;370;(8,10);;<1, 0, 0, 0, 1>
5;371;(9,11);;<1, 0, 0, 0, 1>
5;372;(10,10);;<1, 0, 0, 0, 1>
5;376;(7,12);;<1, 0, 0, 0, 1>
5;377;(18,18);;<0, 0, 0, 0, 0>
5;387;(11,5);;<1, 0, 0, 0, 1>
5;389;(6,11);;<0, 0, 0, 0, 0>
5;396;(10,12);;<0, 0, 0, 0, 0>
6;7;(5,19);;<1, 0, 0, 0, 1>
6;15;(6,18);;<0, 0, 0, 0, 0>
6;16;(4,18);;<0, 0, 0, 0, 0>
6;17;(3,18);;<1, 0, 0, 0, 1>
6;26;(5,17);;<1, 0, 0, 0, 1>
6;27;(3,17);outputNeighborhood;<0, 0, 0, 0, 0>
6;27;(3,17);;<0, 0, 0, 0, 0>
6;28;(2,17);;<0, 0, 0, 0, 0>
6;29;(0,17);;<0, 0, 0, 0, 0>
6;39;(1,16);;<0, 0, 0, 0, 0>
6;42;(16,15);;<1, 0, 0, 0, 1>
6;43;(14,15);;<1, 0, 0, 0, 1>
6;52;(14,14);outputNeighborhood;<1, 0, 0, 0, 1>
6;52;(14,14);;<1, 0, 0, 0, 1>
6;67;(14,13);;<1, 0, 0, 0, 1>
6;99;(9,10);outputNeighborhood;<0, 0, 0, 0, 0>
6;99;(9,10);;<0, 0, 0, 0, 0>
6;105;(1,18);;<0, 0, 0, 0, 0>
6;106;(10,9);;<0, 0, 0, 0, 0>
6;109;(16,19);;<0, 0, 0, 0, 0>
6;121;(16,17);;<1, 0, 0, 0, 1>
6;141;(11,3);;<0, 0, 0, 0, 0>
6;154;(15,16);;<0, 0, 0, 0, 0>
6;156;(9,9);;<0, 0, 0, 0, 0>
6;163;(15,18);;<0, 0, 0, 0, 0>
6;174;(1,17);outputNeighborhood;<1, 0, 0, 0, 1>
6;174;(1,17);;<1, 0, 0, 0, 1>
6;176;(13,4);;<0, 0, 0, 0, 0>
6;182;(15,15);outputNeighborhood;<1, 0, 0, 0, 1>
6;182;(15,15);;<1, 0, 0, 0, 1>
6;207;(12,3);;<1, 0, 0, 0, 1>
6;211;(12,5);;<1, 0, 0, 0, 1>
6;214;(13,14);;<0, 0, 0, 0, 0>
6;219;(3,16);;<0, 0, 0, 0, 0>
6;227;(11,4);outputNeighborhood;<1, 0, 0, 0, 1>
6;227;(11,4);;<1, 0, 0, 0, 1>
6;268;(4,17);;<0, 0, 0, 0, 0>
6;293;(8,9);;<0, 0, 0, 0, 0>
6;294;(10,11);;<1, 0, 0, 0, 1>
6;298;(17,18);;<1, 0, 0, 0, 1>
6;312;(12,4);outputNeighborhood;<1, 0, 0, 0, 1>
6;312;(12,4);;<0, 0, 0, 0, 0>
6;323;(10,4);;<0, 0, 0, 0, 0>
6;334;(16,18);outputNeighborhood;<1, 0, 0, 0, 1>
6;334;(16,18);;<1, 0, 0, 0, 1>
6;340;(11,10);;<1, 0, 0, 0, 1>
6;348;(8,11);;<1, 0, 0, 0, 1>
6;356;(5,18);outputNeighborhood;<0, 0, 0, 0, 0>
6;356;(5,18);;<0, 0, 0, 0, 0>
6;368;(15,14);;<0, 0, 0, 0, 0>
6;369;(7,10);;<0, 0, 0, 0, 0>
6;370;(8,10);outputNeighborhood;<1, 0, 0, 0, 1>
6;370;(8,10);;<1, 0, 0, 0, 1>
6;371;(9,11);;<1, 0, 0, 0, 1>
6;372;(10,10);outputNeighborhood;<1, 0, 0, 0, 1>
6;372;(10,10);;<1, 0, 0, 0, 1>
6;387;(11,5);;<1, 0, 0, 0, 1>
7;52;(14,14);;<1, 0, 0, 0, 1>
7;66;(15,13);;<0, 0, 0, 0, 0>
7;67;(14,13);outputNeighborhood;<1, 0, 0, 0, 1>
7;67;(14,13);;<0, 0, 0, 0, 0>
7;68;(13,13);;<1, 0, 0, 0, 1>
7;126;(13,3);;<1, 0, 0, 0, 1>
7;141;(11,3);;<0, 0, 0, 0, 0>
7;176;(13,4);;<0, 0, 0, 0, 0>
7;198;(7,11);;<1, 0, 0, 0, 1>
7;207;(12,3);outputNeighborhood;<1, 0, 0, 0, 1>
7;207;(12,3);;<1, 0, 0, 0, 1>
7;211;(12,5);;<1, 0, 0, 0, 1>
7;227;(11,4);;<1, 0, 0, 0, 1>
7;235;(14,12);;<1, 0, 0, 0, 1>
7;239;(12,2);;<0, 0, 0, 0, 0>
7;246;(11,11);;<0, 0, 0, 0, 0>
7;294;(10,11);outputNeighborhood;<1, 0, 0, 0, 1>
7;294;(10,11);;<1, 0, 0, 0, 1>
7;302;(8,12);;<1, 0, 0, 0, 1>
7;312;(12,4);outputNeighborhood;<0, 0, 0, 0, 0>
7;312;(12,4);;<0, 0, 0, 0, 0>
7;348;(8,11);outputNeighborhood;<1, 0, 0, 0, 1>
7;348;(8,11);;<1, 0, 0, 0, 1>
7;370;(8,10);;<0, 0, 0, 0, 0>
7;371;(9,11);;<1, 0, 0, 0, 1>
7;372;(10,10);;<1, 0, 0, 0, 1>
7;396;(10,12);;<0, 0, 0, 0, 0>
8;52;(14,14);;<1, 0, 0, 0, 1>
8;66;(15,13);;<0, 0, 0, 0, 0>
8;67;(14,13);outputNeighborhood;<0, 0, 0, 0, 0>
8;67;(14,13);;<1, 0, 0, 0, 1>
8;68;(13,13);outputNeighborhood;<1, 0, 0, 0, 1>
8;68;(13,13);;<1, 0, 0, 0, 1>
8;69;(12,13);;<0, 0, 0, 0, 0>
8;90;(13,12);;<0, 0, 0, 0, 0>
8;99;(9,10);;<0, 0, 0, 0, 0>
8;214;(13,14);;<0, 0, 0, 0, 0>
8;235;(14,12);outputNeighborhood;<1, 0, 0, 0, 1>
8;235;(14,12);;<1, 0, 0, 0, 1>
8;293;(8,9);;<0, 0, 0, 0, 0>
8;348;(8,11);;<1, 0, 0, 0, 1>
8;369;(7,10);;<0, 0, 0, 0, 0>
8;370;(8,10);outputNeighborhood;<0, 0, 0, 0, 0>
8;370;(8,10);;<0, 0, 0, 0, 0>
8;392;(14,11);;<0, 0, 0, 0, 0>
8;400;(15,12);;<0, 0, 0, 0, 0>
9;52;(14,14);;<1, 0, 0, 0, 1>
9;66;(15,13);;<0, 0, 0, 0, 0>
9;67;(14,13);outputNeighborhood;<1, 0, 0, 0, 1>
9;67;(14,13);;<1, 0, 0, 0, 1>
9;68;(13,13);;<0, 0, 0, 0, 0>
9;235;(14,12);;<1, 0, 0, 0, 1>
10;67;(14,13);;<0, 0, 0, 0, 0>
10;68;(13,13);outputNeighborhood;<0, 0, 0, 0, 0>
10;68;(13,13);;<0, 0, 0, 0, 0>
10;69;(12,13);;<0, 0, 0, 0, 0>
10;90;(13,12);;<1, 0, 0, 0, 1>
10;214;(13,14);;<0, 0, 0, 0, 0>
11;52;(14,14);;<1, 0, 0, 0, 1>
11;66;(15,13);;<0, 0, 0, 0, 0>
11;67;(14,13);outputNeighborhood;<0, 0, 0, 0, 0>
11;67;(14,13);;<0, 0, 0, 0, 0>
11;68;(13,13);;<0, 0, 0, 0, 0>
11;90;(13,12);outputNeighborhood;<1, 0, 0, 0, 1>
11;90;(13,12);;<1, 0, 0, 0, 1>
11;235;(14,12);;<0, 0, 0, 0, 0>
11;397;(13,11);;<0, 0, 0, 0, 0>
11;399;(12,12);;<1, 0, 0, 0, 1>
12;67;(14,13);;<0, 0, 0, 0, 0>
12;90;(13,12);;<1, 0, 0, 0, 1>
12;235;(14,12);outputNeighborhood;<0, 0, 0, 0, 0>
12;235;(14,12);;<0, 0, 0, 0, 0>
12;392;(14,11);;<0, 0, 0, 0, 0>
12;400;(15,12);;<0, 0, 0, 0, 0>
12;1;(19,19);;<0, 0, 0, 0, 0>
12;2;(18,19);;<0, 0, 0, 0, 0>
12;3;(17,19);;<0, 0, 0, 0, 0>
12;4;(15,19);;<0, 0, 0, 0, 0>
12;5;(14,19);;<0, 0, 0, 0, 0>
12;6;(6,19);;<1, 0, 0, 0, 1>
12;7;(5,19);;<1, 0, 0, 0, 1>
12;8;(2,19);;<1, 0, 0, 0, 1>
12;9;(0,19);;<0, 0, 0, 0, 0>
12;10;(19,18);;<1, 0, 0, 0, 1>
12;11;(14,18);;<1, 0, 0, 0, 1>
12;12;(12,18);;<1, 0, 0, 0, 1>
12;13;(11,18);;<0, 0, 0, 0, 0>
12;14;(8,18);;<1, 0, 0, 0, 1>
12;15;(6,18);;<0, 0, 0, 0, 0>
12;16;(4,18);;<0, 0, 0, 0, 0>
12;17;(3,18);;<1, 0, 0, 0, 1>
12;18;(2,18);;<0, 0, 0, 0, 0>
12;19;(18,17);;<1, 0, 0, 0, 1>
12;20;(17,17);;<0, 0, 0, 0, 0>
12;21;(15,17);;<1, 0, 0, 0, 1>
12;22;(14,17);;<0, 0, 0, 0, 0>
12;23;(11,17);;<0, 0, 0, 0, 0>
12;24;(10,17);;<1, 0, 0, 0, 1>
12;25;(7,17);;<0, 0, 0, 0, 0>
12;26;(5,17);;<1, 0, 0, 0, 1>
12;27;(3,17);;<0, 0, 0, 0, 0>
12;28;(2,17);;<0, 0, 0, 0, 0>
12;29;(0,17);;<0, 0, 0, 0, 0>
12;30;(19,16);;<0, 0, 0, 0, 0>
12;31;(18,16);;<0, 0, 0, 0, 0>
12;32;(17,16);;<0, 0, 0, 0, 0>
12;33;(12,16);;<0, 0, 0, 0, 0>
12;34;(7,18);;<1, 0, 0, 0, 1>
12;35;(9,16);;<0, 0, 0, 0, 0>
12;36;(7,16);;<0, 0, 0, 0, 0>
12;37;(5,16);;<0, 0, 0, 0, 0>
12;38;(4,16);;<0, 0, 0, 0, 0>
12;39;(1,16);;<0, 0, 0, 0, 0>
12;40;(0,16);;<0, 0, 0, 0, 0>
12;41;(19,15);;<0, 0, 0, 0, 0>
12;42;(16,15);;<1, 0, 0, 0, 1>
12;43;(14,15);;<1, 0, 0, 0, 1>
12;44;(13,15);;<0, 0, 0, 0, 0>
12;45;(9,15);;<0, 0, 0, 0, 0>
12;46;(6,15);;<0, 0, 0, 0, 0>
12;47;(5,15);;<0, 0, 0, 0, 0>
12;48;(4,15);;<0, 0, 0, 0, 0>
12;49;(2,15);;<0, 0, 0, 0, 0>
12;50;(1,15);;<0, 0, 0, 0, 0>
12;51;(7,15);;<0, 0, 0, 0, 0>
12;52;(14,14);;<1, 0, 0, 0, 1>
12;53;(12,14);;<0, 0, 0, 0, 0>
12;54;(11,14);;<0, 0, 0, 0, 0>
12;55;(10,14);;<0, 0, 0, 0, 0>
12;56;(9,14);;<0, 0, 0, 0, 0>
12;57;(6,14);;<0, 0, 0, 0, 0>
12;58;(5,14);;<0, 0, 0, 0, 0>
12;59;(4,14);;<1, 0, 0, 0, 1>
12;60;(3,14);;<0, 0, 0, 0, 0>
12;61;(8,15);;<0, 0, 0, 0, 0>
12;62;(2,14);;<1, 0, 0, 0, 1>
12;63;(8,17);;<0, 0, 0, 0, 0>
12;64;(18,13);;<0, 0, 0, 0, 0>
12;65;(16,13);;<0, 0, 0, 0, 0>
12;66;(15,13);;<0, 0, 0, 0, 0>
12;67;(14,13);;<0, 0, 0, 0, 0>
12;68;(13,13);;<0, 0, 0, 0, 0>
12;69;(12,13);;<0, 0, 0, 0, 0>
12;70;(11,13);;<0, 0, 0, 0, 0>
12;71;(9,13);;<0, 0, 0, 0, 0>
12;72;(8,13);;<0, 0, 0, 0, 0>
12;73;(7,13);;<1, 0, 0, 0, 1>
12;74;(5,13);;<1, 0, 0, 0, 1>
12;75;(0,15);;<0, 0, 0, 0, 0>
12;76;(4,13);;<1, 0, 0, 0, 1>
12;77;(3,13);;<0, 0, 0, 0, 0>
12;78;(2,13);;<0, 0, 0, 0, 0>
12;79;(1,13);;<0, 0, 0, 0, 0>
12;80;(19,12);;<0, 0, 0, 0, 0>
12;81;(18,12);;<0, 0, 0, 0, 0>
12;82;(17,12);;<0, 0, 0, 0, 0>
12;83;(10,19);;<1, 0, 0, 0, 1>
12;84;(6,6);;<0, 0, 0, 0, 0>
12;85;(12,0);;<0, 0, 0, 0, 0>
12;86;(18,5);;<1, 0, 0, 0, 1>
12;87;(17,5);;<0, 0, 0, 0, 0>
12;88;(19,13);;<0, 0, 0, 0, 0>
12;89;(15,5);;<0, 0, 0, 0, 0>
12;90;(13,12);;<1, 0, 0, 0, 1>
12;91;(10,5);;<0, 0, 0, 0, 0>
12;92;(7,5);;<0, 0, 0, 0, 0>
12;93;(8,16);;<0, 0, 0, 0, 0>
12;94;(5,4);;<0, 0, 0, 0, 0>
12;95;(4,12);;<0, 0, 0, 0, 0>
12;96;(18,14);;<0, 0, 0, 0, 0>
12;97;(1,12);;<0, 0, 0, 0, 0>
12;98;(18,3);;<0, 0, 0, 0, 0>
12;99;(9,10);;<0, 0, 0, 0, 0>
12;100;(2,8);;<0, 0, 0, 0, 0>
12;101;(19,4);;<0, 0, 0, 0, 0>
12;102;(6,4);;<0, 0, 0, 0, 0>
12;103;(18,4);;<0, 0, 0, 0, 0>
12;104;(9,18);;<1, 0, 0, 0, 1>
12;105;(1,18);;<0, 0, 0, 0, 0>
12;106;(10,9);;<0, 0, 0, 0, 0>
12;107;(16,4);;<0, 0, 0, 0, 0>
12;108;(8,2);;<0, 0, 0, 0, 0>
12;109;(16,19);;<0, 0, 0, 0, 0>
12;110;(13,2);;<0, 0, 0, 0, 0>
12;111;(7,4);;<1, 0, 0, 0, 1>
12;112;(6,0);;<1, 0, 0, 0, 1>
12;113;(18,2);;<0, 0, 0, 0, 0>
12;114;(4,4);;<0, 0, 0, 0, 0>
12;115;(0,5);;<1, 0, 0, 0, 1>
12;116;(11,19);;<0, 0, 0, 0, 0>
12;117;(14,7);;<0, 0, 0, 0, 0>
12;118;(3,4);;<1, 0, 0, 0, 1>
12;119;(1,4);;<0, 0, 0, 0, 0>
12;120;(3,12);;<0, 0, 0, 0, 0>
12;121;(16,17);;<1, 0, 0, 0, 1>
12;122;(19,3);;<0, 0, 0, 0, 0>
12;123;(13,6);;<0, 0, 0, 0, 0>
12;124;(1,1);;<0, 0, 0, 0, 0>
12;125;(4,19);;<1, 0, 0, 0, 1>
12;126;(13,3);;<1, 0, 0, 0, 1>
12;127;(17,10);;<1, 0, 0, 0, 1>
12;128;(15,3);;<0, 0, 0, 0, 0>
12;129;(9,3);;<1, 0, 0, 0, 1>
12;130;(6,3);;<0, 0, 0, 0, 0>
12;131;(5,3);;<0, 0, 0, 0, 0>
12;132;(6,5);;<0, 0, 0, 0, 0>
12;133;(16,9);;<0, 0, 0, 0, 0>
12;134;(17,3);;<0, 0, 0, 0, 0>
12;135;(0,10);;<0, 0, 0, 0, 0>
12;136;(16,14);;<1, 0, 0, 0, 1>
12;137;(2,3);;<1, 0, 0, 0, 1>
12;138;(4,5);;<0, 0, 0, 0, 0>
12;139;(13,5);;<0, 0, 0, 0, 0>
12;140;(7,1);;<0, 0, 0, 0, 0>
12;141;(11,3);;<0, 0, 0, 0, 0>
12;142;(1,3);;<0, 0, 0, 0, 0>
12;143;(6,13);;<1, 0, 0, 0, 1>
12;144;(0,3);;<0, 0, 0, 0, 0>
12;145;(0,1);;<1, 0, 0, 0, 1>
12;146;(3,7);;<0, 0, 0, 0, 0>
12;147;(3,3);;<0, 0, 0, 0, 0>
12;148;(0,11);;<0, 0, 0, 0, 0>
12;149;(2,5);;<0, 0, 0, 0, 0>
12;150;(18,9);;<1, 0, 0, 0, 1>
12;151;(19,17);;<1, 0, 0, 0, 1>
12;152;(2,2);;<1, 0, 0, 0, 1>
12;153;(3,8);;<0, 0, 0, 0, 0>
12;154;(15,16);;<0, 0, 0, 0, 0>
12;155;(6,1);;<1, 0, 0, 0, 1>
12;156;(9,9);;<0, 0, 0, 0, 0>
12;157;(12,17);;<1, 0, 0, 0, 1>
12;158;(8,1);;<0, 0, 0, 0, 0>
12;159;(7,2);;<0, 0, 0, 0, 0>
12;160;(11,16);;<1, 0, 0, 0, 1>
12;161;(4,3);;<0, 0, 0, 0, 0>
12;162;(5,1);;<0, 0, 0, 0, 0>
12;163;(15,18);;<0, 0, 0, 0, 0>
12;164;(7,7);;<1, 0, 0, 0, 1>
12;165;(11,7);;<0, 0, 0, 0, 0>
12;166;(12,6);;<1, 0, 0, 0, 1>
12;167;(8,5);;<0, 0, 0, 0, 0>
12;168;(14,16);;<0, 0, 0, 0, 0>
12;169;(6,7);;<0, 0, 0, 0, 0>
12;170;(9,0);;<1, 0, 0, 0, 1>
12;171;(14,3);;<0, 0, 0, 0, 0>
12;172;(17,6);;<1, 0, 0, 0, 1>
12;173;(17,4);;<0, 0, 0, 0, 0>
12;174;(1,17);;<1, 0, 0, 0, 1>
12;175;(2,4);;<0, 0, 0, 0, 0>
12;176;(13,4);;<0, 0, 0, 0, 0>
12;177;(1,6);;<1, 0, 0, 0, 1>
12;178;(16,2);;<0, 0, 0, 0, 0>
12;179;(18,8);;<0, 0, 0, 0, 0>
12;180;(15,4);;<1, 0, 0, 0, 1>
12;181;(1,19);;<0, 0, 0, 0, 0>
12;182;(15,15);;<1, 0, 0, 0, 1>
12;183;(4,1);;<0, 0, 0, 0, 0>
12;184;(10,18);;<0, 0, 0, 0, 0>
12;185;(4,2);;<0, 0, 0, 0, 0>
12;186;(2,1);;<1, 0, 0, 0, 1>
12;187;(1,0);;<0, 0, 0, 0, 0>
12;188;(8,7);;<0, 0, 0, 0, 0>
12;189;(17,0);;<0, 0, 0, 0, 0>
12;190;(16,5);;<0, 0, 0, 0, 0>
12;191;(18,7);;<0, 0, 0, 0, 0>
12;192;(15,0);;<0, 0, 0, 0, 0>
12;193;(16,16);;<0, 0, 0, 0, 0>
12;194;(2,11);;<0, 0, 0, 0, 0>
12;195;(10,13);;<0, 0, 0, 0, 0>
12;196;(9,4);;<0, 0, 0, 0, 0>
12;197;(1,11);;<0, 0, 0, 0, 0>
12;198;(7,11);;<1, 0, 0, 0, 1>
12;199;(3,1);;<0, 0, 0, 0, 0>
12;200;(3,15);;<0, 0, 0, 0, 0>
12;201;(5,2);;<0, 0, 0, 0, 0>
12;202;(17,11);;<0, 0, 0, 0, 0>
12;203;(7,8);;<0, 0, 0, 0, 0>
12;204;(7,0);;<0, 0, 0, 0, 0>
12;205;(19,7);;<0, 0, 0, 0, 0>
12;206;(2,16);;<0, 0, 0, 0, 0>
12;207;(12,3);;<1, 0, 0, 0, 1>
12;208;(9,19);;<1, 0, 0, 0, 1>
12;209;(8,19);;<0, 0, 0, 0, 0>
12;210;(14,8);;<0, 0, 0, 0, 0>
12;211;(12,5);;<1, 0, 0, 0, 1>
12;212;(7,3);;<0, 0, 0, 0, 0>
12;213;(11,15);;<0, 0, 0, 0, 0>
12;214;(13,14);;<0, 0, 0, 0, 0>
12;215;(5,12);;<1, 0, 0, 0, 1>
12;216;(5,0);;<1, 0, 0, 0, 1>
12;217;(1,9);;<0, 0, 0, 0, 0>
12;218;(13,19);;<0, 0, 0, 0, 0>
12;219;(3,16);;<0, 0, 0, 0, 0>
12;220;(0,13);;<0, 0, 0, 0, 0>
12;221;(19,2);;<0, 0, 0, 0, 0>
12;222;(10,0);;<1, 0, 0, 0, 1>
12;223;(18,0);;<0, 0, 0, 0, 0>
12;224;(3,11);;<1, 0, 0, 0, 1>
12;225;(8,0);;<0, 0, 0, 0, 0>
12;226;(14,9);;<0, 0, 0, 0, 0>
12;227;(11,4);;<1, 0, 0, 0, 1>
12;228;(12,9);;<0, 0, 0, 0, 0>
12;229;(9,17);;<0, 0, 0, 0, 0>
12;230;(10,3);;<0, 0, 0, 0, 0>
12;231;(19,1);;<0, 0, 0, 0, 0>
12;232;(18,15);;<0, 0, 0, 0, 0>
12;233;(12,11);;<0, 0, 0, 0, 0>
12;234;(17,13);;<0, 0, 0, 0, 0>
12;235;(14,12);;<0, 0, 0, 0, 0>
12;236;(4,0);;<0, 0, 0, 0, 0>
12;237;(9,5);;<1, 0, 0, 0, 1>
12;238;(3,6);;<0, 0, 0, 0, 0>
12;239;(12,2);;<0, 0, 0, 0, 0>
12;240;(13,0);;<0, 0, 0, 0, 0>
12;241;(11,1);;<0, 0, 0, 0, 0>
12;242;(10,1);;<0, 0, 0, 0, 0>
12;243;(15,6);;<0, 0, 0, 0, 0>
12;244;(11,6);;<0, 0, 0, 0, 0>
12;245;(2,6);;<0, 0, 0, 0, 0>
12;246;(11,11);;<0, 0, 0, 0, 0>
12;247;(15,11);;<0, 0, 0, 0, 0>
12;248;(16,0);;<0, 0, 0, 0, 0>
12;249;(14,0);;<1, 0, 0, 0, 1>
12;250;(12,1);;<1, 0, 0, 0, 1>
12;251;(6,16);;<1, 0, 0, 0, 1>
12;252;(17,1);;<0, 0, 0, 0, 0>
12;253;(16,1);;<0, 0, 0, 0, 0>
12;254;(15,1);;<0, 0, 0, 0, 0>
12;255;(18,1);;<0, 0, 0, 0, 0>
12;256;(2,7);;<0, 0, 0, 0, 0>
12;257;(9,2);;<1, 0, 0, 0, 1>
12;258;(11,0);;<1, 0, 0, 0, 1>
12;259;(0,0);;<0, 0, 0, 0, 0>
12;260;(1,2);;<1, 0, 0, 0, 1>
12;261;(0,14);;<0, 0, 0, 0, 0>
12;262;(13,9);;<1, 0, 0, 0, 1>
12;263;(14,10);;<0, 0, 0, 0, 0>
12;264;(3,0);;<1, 0, 0, 0, 1>
12;265;(3,5);;<0, 0, 0, 0, 0>
12;266;(0,2);;<0, 0, 0, 0, 0>
12;267;(3,2);;<0, 0, 0, 0, 0>
12;268;(4,17);;<0, 0, 0, 0, 0>
12;269;(12,15);;<0, 0, 0, 0, 0>
12;270;(6,2);;<1, 0, 0, 0, 1>
12;271;(10,16);;<0, 0, 0, 0, 0>
12;272;(14,5);;<0, 0, 0, 0, 0>
12;273;(2,0);;<1, 0, 0, 0, 1>
12;274;(19,5);;<0, 0, 0, 0, 0>
12;275;(14,1);;<1, 0, 0, 0, 1>
12;276;(13,18);;<1, 0, 0, 0, 1>
12;277;(7,14);;<0, 0, 0, 0, 0>
12;278;(16,7);;<0, 0, 0, 0, 0>
12;279;(8,8);;<0, 0, 0, 0, 0>
12;280;(10,2);;<0, 0, 0, 0, 0>
12;281;(11,2);;<0, 0, 0, 0, 0>
12;282;(6,17);;<0, 0, 0, 0, 0>
12;283;(19,14);;<0, 0, 0, 0, 0>
12;284;(14,4);;<0, 0, 0, 0, 0>
12;285;(14,2);;<0, 0, 0, 0, 0>
12;286;(13,8);;<0, 0, 0, 0, 0>
12;287;(0,18);;<0, 0, 0, 0, 0>
12;288;(9,1);;<0, 0, 0, 0, 0>
12;289;(0,12);;<0, 0, 0, 0, 0>
12;290;(19,10);;<0, 0, 0, 0, 0>
12;291;(7,19);;<0, 0, 0, 0, 0>
12;292;(7,6);;<0, 0, 0, 0, 0>
12;293;(8,9);;<0, 0, 0, 0, 0>
12;294;(10,11);;<1, 0, 0, 0, 1>
12;295;(8,6);;<0, 0, 0, 0, 0>
12;296;(10,15);;<1, 0, 0, 0, 1>
12;297;(9,6);;<1, 0, 0, 0, 1>
12;298;(17,18);;<1, 0, 0, 0, 1>
12;299;(19,0);;<0, 0, 0, 0, 0>
12;300;(10,6);;<1, 0, 0, 0, 1>
12;301;(14,6);;<0, 0, 0, 0, 0>
12;302;(8,12);;<1, 0, 0, 0, 1>
12;303;(16,6);;<0, 0, 0, 0, 0>
12;304;(18,6);;<1, 0, 0, 0, 1>
12;305;(17,2);;<0, 0, 0, 0, 0>
12;306;(0,7);;<0, 0, 0, 0, 0>
12;307;(15,8);;<1, 0, 0, 0, 1>
12;308;(1,7);;<0, 0, 0, 0, 0>
12;309;(4,7);;<0, 0, 0, 0, 0>
12;310;(8,14);;<0, 0, 0, 0, 0>
12;311;(5,7);;<0, 0, 0, 0, 0>
12;312;(12,4);;<0, 0, 0, 0, 0>
12;313;(9,7);;<1, 0, 0, 0, 1>
12;314;(10,7);;<0, 0, 0, 0, 0>
12;315;(12,7);;<0, 0, 0, 0, 0>
12;316;(13,7);;<0, 0, 0, 0, 0>
12;317;(13,16);;<0, 0, 0, 0, 0>
12;318;(15,7);;<1, 0, 0, 0, 1>
12;319;(17,14);;<1, 0, 0, 0, 1>
12;320;(17,7);;<0, 0, 0, 0, 0>
12;321;(1,8);;<0, 0, 0, 0, 0>
12;322;(9,8);;<0, 0, 0, 0, 0>
12;323;(10,4);;<0, 0, 0, 0, 0>
12;324;(0,8);;<0, 0, 0, 0, 0>
12;325;(3,19);;<1, 0, 0, 0, 1>
12;326;(4,8);;<0, 0, 0, 0, 0>
12;327;(5,8);;<1, 0, 0, 0, 1>
12;328;(5,5);;<0, 0, 0, 0, 0>
12;329;(8,3);;<0, 0, 0, 0, 0>
12;330;(6,8);;<0, 0, 0, 0, 0>
12;331;(0,6);;<1, 0, 0, 0, 1>
12;332;(19,6);;<0, 0, 0, 0, 0>
12;333;(10,8);;<0, 0, 0, 0, 0>
12;334;(16,18);;<1, 0, 0, 0, 1>
12;335;(6,9);;<0, 0, 0, 0, 0>
12;336;(11,8);;<0, 0, 0, 0, 0>
12;337;(12,8);;<0, 0, 0, 0, 0>
12;338;(17,15);;<0, 0, 0, 0, 0>
12;339;(17,8);;<0, 0, 0, 0, 0>
12;340;(11,10);;<1, 0, 0, 0, 1>
12;341;(16,3);;<0, 0, 0, 0, 0>
12;342;(11,9);;<0, 0, 0, 0, 0>
12;343;(19,8);;<1, 0, 0, 0, 1>
12;344;(6,12);;<0, 0, 0, 0, 0>
12;345;(15,2);;<0, 0, 0, 0, 0>
12;346;(4,11);;<0, 0, 0, 0, 0>
12;347;(0,9);;<0, 0, 0, 0, 0>
12;348;(8,11);;<1, 0, 0, 0, 1>
12;349;(2,9);;<0, 0, 0, 0, 0>
12;350;(3,9);;<0, 0, 0, 0, 0>
12;351;(4,9);;<1, 0, 0, 0, 1>
12;352;(5,9);;<1, 0, 0, 0, 1>
12;353;(4,10);;<1, 0, 0, 0, 1>
12;354;(8,4);;<1, 0, 0, 0, 1>
12;355;(7,9);;<0, 0, 0, 0, 0>
12;356;(5,18);;<0, 0, 0, 0, 0>
12;357;(15,9);;<0, 0, 0, 0, 0>
12;358;(17,9);;<0, 0, 0, 0, 0>
12;359;(19,9);;<0, 0, 0, 0, 0>
12;360;(1,10);;<0, 0, 0, 0, 0>
12;361;(13,17);;<0, 0, 0, 0, 0>
12;362;(1,14);;<0, 0, 0, 0, 0>
12;363;(2,10);;<0, 0, 0, 0, 0>
12;364;(3,10);;<0, 0, 0, 0, 0>
12;365;(5,10);;<0, 0, 0, 0, 0>
12;366;(6,10);;<0, 0, 0, 0, 0>
12;367;(19,11);;<0, 0, 0, 0, 0>
12;368;(15,14);;<0, 0, 0, 0, 0>
12;369;(7,10);;<0, 0, 0, 0, 0>
12;370;(8,10);;<0, 0, 0, 0, 0>
12;371;(9,11);;<1, 0, 0, 0, 1>
12;372;(10,10);;<1, 0, 0, 0, 1>
12;373;(12,10);;<0, 0, 0, 0, 0>
12;374;(16,12);;<0, 0, 0, 0, 0>
12;375;(13,10);;<0, 0, 0, 0, 0>
12;376;(7,12);;<1, 0, 0, 0, 1>
12;377;(18,18);;<0, 0, 0, 0, 0>
12;378;(15,10);;<0, 0, 0, 0, 0>
12;379;(16,10);;<0, 0, 0, 0, 0>
12;380;(0,4);;<0, 0, 0, 0, 0>
12;381;(2,12);;<0, 0, 0, 0, 0>
12;382;(12,19);;<1, 0, 0, 0, 1>
12;383;(18,10);;<1, 0, 0, 0, 1>
12;384;(9,12);;<1, 0, 0, 0, 1>
12;385;(5,11);;<0, 0, 0, 0, 0>
12;386;(16,11);;<0, 0, 0, 0, 0>
12;387;(11,5);;<1, 0, 0, 0, 1>
12;388;(4,6);;<0, 0, 0, 0, 0>
12;389;(6,11);;<0, 0, 0, 0, 0>
12;390;(1,5);;<0, 0, 0, 0, 0>
12;391;(5,6);;<0, 0, 0, 0, 0>
12;392;(14,11);;<0, 0, 0, 0, 0>
12;393;(18,11);;<1, 0, 0, 0, 1>
12;394;(13,1);;<0, 0, 0, 0, 0>
12;395;(16,8);;<0, 0, 0, 0, 0>
12;396;(10,12);;<0, 0, 0, 0, 0>
12;397;(13,11);;<0, 0, 0, 0, 0>
12;398;(11,12);;<0, 0, 0, 0, 0>
12;399;(12,12);;<1, 0, 0, 0, 1>
12;400;(15,12);;<0, 0, 0, 0, 0>
